date,country_name,new_per_100k,new_per_100k_7d_avg
2020-03-01,Germany,0.0,0.0
2020-03-02,Germany,0.101,0.051
2020-03-03,Germany,0.189,0.097
2020-03-04,Germany,0.224,0.129
2020-03-05,Germany,0.225,0.148
2020-03-06,Germany,0.171,0.152
2020-03-07,Germany,0.126,0.148
2020-03-08,Germany,0.418,0.208
2020-03-09,Germany,0.717,0.296
2020-03-10,Germany,0.912,0.399
2020-03-11,Germany,1.194,0.538
2020-03-12,Germany,1.763,0.757
2020-03-13,Germany,1.568,0.957
2020-03-14,Germany,1.18,1.107
2020-03-15,Germany,2.454,1.398
2020-03-16,Germany,3.653,1.818
2020-03-17,Germany,4.334,2.307
2020-03-18,Germany,4.887,2.834
2020-03-19,Germany,4.886,3.28
2020-03-20,Germany,4.044,3.634
2020-03-21,Germany,2.728,3.855
2020-03-22,Germany,4.495,4.147
2020-03-23,Germany,5.876,4.464
2020-03-24,Germany,6.842,4.822
2020-03-25,Germany,7.108,5.14
2020-03-26,Germany,7.204,5.471
2020-03-27,Germany,5.685,5.706
2020-03-28,Germany,3.706,5.845
2020-03-29,Germany,4.963,5.912
2020-03-30,Germany,7.301,6.116
2020-03-31,Germany,7.537,6.215
2020-04-01,Germany,7.889,6.326
2020-04-02,Germany,7.457,6.363
2020-04-03,Germany,5.225,6.297
2020-04-04,Germany,3.055,6.204
2020-04-05,Germany,4.409,6.125
2020-04-06,Germany,6.246,5.974
2020-04-07,Germany,6.356,5.805
2020-04-08,Germany,5.913,5.523
2020-04-09,Germany,4.041,5.035
2020-04-10,Germany,3.474,4.785
2020-04-11,Germany,2.25,4.67
2020-04-12,Germany,1.925,4.315
2020-04-13,Germany,2.97,3.847
2020-04-14,Germany,4.005,3.511
2020-04-15,Germany,4.12,3.255
2020-04-16,Germany,3.669,3.202
2020-04-17,Germany,2.538,3.068
2020-04-18,Germany,1.659,2.984
2020-04-19,Germany,2.061,3.003
2020-04-20,Germany,2.632,2.955
2020-04-21,Germany,2.996,2.811
2020-04-22,Germany,2.521,2.582
2020-04-23,Germany,2.293,2.386
2020-04-24,Germany,1.531,2.242
2020-04-25,Germany,0.848,2.126
2020-04-26,Germany,1.348,2.024
2020-04-27,Germany,1.765,1.9
2020-04-28,Germany,1.722,1.718
2020-04-29,Germany,1.76,1.61
2020-04-30,Germany,1.106,1.44
2020-05-01,Germany,0.747,1.328
2020-05-02,Germany,0.512,1.28
2020-05-03,Germany,0.878,1.213
2020-05-04,Germany,1.315,1.149
2020-05-05,Germany,1.471,1.113
2020-05-06,Germany,1.448,1.068
2020-05-07,Germany,1.178,1.078
2020-05-08,Germany,0.815,1.088
2020-05-09,Germany,0.411,1.074
2020-05-10,Germany,0.828,1.067
2020-05-11,Germany,1.03,1.026
2020-05-12,Germany,1.1,0.973
2020-05-13,Germany,0.973,0.905
2020-05-14,Germany,0.877,0.862
2020-05-15,Germany,0.556,0.825
2020-05-16,Germany,0.381,0.821
2020-05-17,Germany,0.654,0.796
2020-05-18,Germany,0.879,0.774
2020-05-19,Germany,1.002,0.76
2020-05-20,Germany,0.505,0.693
2020-05-21,Germany,0.634,0.659
2020-05-22,Germany,0.406,0.637
2020-05-23,Germany,0.264,0.621
2020-05-24,Germany,0.495,0.598
2020-05-25,Germany,0.744,0.579
2020-05-26,Germany,0.788,0.548
2020-05-27,Germany,0.637,0.567
2020-05-28,Germany,0.536,0.553
2020-05-29,Germany,0.45,0.559
2020-05-30,Germany,0.214,0.552
2020-05-31,Germany,0.164,0.505
2020-06-01,Germany,0.37,0.451
2020-06-02,Germany,0.599,0.424
2020-06-03,Germany,0.636,0.424
2020-06-04,Germany,0.526,0.423
2020-06-05,Germany,0.343,0.407
2020-06-06,Germany,0.198,0.405
2020-06-07,Germany,0.357,0.433
2020-06-08,Germany,0.513,0.453
2020-06-09,Germany,0.624,0.457
2020-06-10,Germany,0.338,0.414
2020-06-11,Germany,0.425,0.4
2020-06-12,Germany,0.36,0.402
2020-06-13,Germany,0.207,0.404
2020-06-14,Germany,0.313,0.397
2020-06-15,Germany,0.625,0.413
2020-06-16,Germany,1.043,0.473
2020-06-17,Germany,0.92,0.556
2020-06-18,Germany,1.194,0.666
2020-06-19,Germany,0.685,0.713
2020-06-20,Germany,0.269,0.721
2020-06-21,Germany,0.537,0.753
2020-06-22,Germany,0.652,0.757
2020-06-23,Germany,0.609,0.695
2020-06-24,Germany,0.688,0.662
2020-06-25,Germany,0.691,0.59
2020-06-26,Germany,0.391,0.548
2020-06-27,Germany,0.242,0.544
2020-06-28,Germany,0.5,0.539
2020-06-29,Germany,0.552,0.525
2020-06-30,Germany,0.581,0.521
2020-07-01,Germany,0.567,0.503
2020-07-02,Germany,0.514,0.478
2020-07-03,Germany,0.354,0.473
2020-07-04,Germany,0.173,0.463
2020-07-05,Germany,0.389,0.447
2020-07-06,Germany,0.476,0.436
2020-07-07,Germany,0.542,0.431
2020-07-08,Germany,0.512,0.423
2020-07-09,Germany,0.513,0.423
2020-07-10,Germany,0.334,0.42
2020-07-11,Germany,0.158,0.418
2020-07-12,Germany,0.397,0.419
2020-07-13,Germany,0.564,0.431
2020-07-14,Germany,0.653,0.447
2020-07-15,Germany,0.671,0.47
2020-07-16,Germany,0.63,0.487
2020-07-17,Germany,0.532,0.515
2020-07-18,Germany,0.216,0.523
2020-07-19,Germany,0.549,0.545
2020-07-20,Germany,0.632,0.555
2020-07-21,Germany,0.841,0.582
2020-07-22,Germany,0.832,0.605
2020-07-23,Germany,0.976,0.654
2020-07-24,Germany,0.654,0.671
2020-07-25,Germany,0.255,0.677
2020-07-26,Germany,0.637,0.69
2020-07-27,Germany,0.909,0.729
2020-07-28,Germany,1.101,0.766
2020-07-29,Germany,1.042,0.796
2020-07-30,Germany,1.102,0.814
2020-07-31,Germany,0.677,0.818
2020-08-01,Germany,0.367,0.834
2020-08-02,Germany,0.961,0.88
2020-08-03,Germany,1.144,0.914
2020-08-04,Germany,1.339,0.948
2020-08-05,Germany,1.409,1.0
2020-08-06,Germany,1.211,1.016
2020-08-07,Germany,0.856,1.041
2020-08-08,Germany,0.387,1.044
2020-08-09,Germany,1.331,1.097
2020-08-10,Germany,1.437,1.139
2020-08-11,Germany,1.856,1.212
2020-08-12,Germany,1.796,1.268
2020-08-13,Germany,1.657,1.332
2020-08-14,Germany,0.911,1.339
2020-08-15,Germany,0.594,1.369
2020-08-16,Germany,1.866,1.445
2020-08-17,Germany,1.847,1.504
2020-08-18,Germany,2.112,1.54
2020-08-19,Germany,1.951,1.562
2020-08-20,Germany,1.996,1.611
2020-08-21,Germany,1.106,1.639
2020-08-22,Germany,0.681,1.651
2020-08-23,Germany,1.719,1.63
2020-08-24,Germany,1.791,1.622
2020-08-25,Germany,1.949,1.599
2020-08-26,Germany,1.857,1.586
2020-08-27,Germany,1.674,1.54
2020-08-28,Germany,1.005,1.525
2020-08-29,Germany,0.644,1.52
2020-08-30,Germany,1.429,1.478
2020-08-31,Germany,1.594,1.45
2020-09-01,Germany,1.7,1.415
2020-09-02,Germany,1.826,1.41
2020-09-03,Germany,1.801,1.428
2020-09-04,Germany,1.332,1.475
2020-09-05,Germany,0.7,1.483
2020-09-06,Germany,1.702,1.522
2020-09-07,Germany,1.663,1.532
2020-09-08,Germany,2.103,1.59
2020-09-09,Germany,1.914,1.602
2020-09-10,Germany,1.989,1.629
2020-09-11,Germany,1.474,1.649
2020-09-12,Germany,0.918,1.681
2020-09-13,Germany,1.794,1.694
2020-09-14,Germany,2.411,1.8
2020-09-15,Germany,2.645,1.878
2020-09-16,Germany,2.838,2.01
2020-09-17,Germany,2.611,2.099
2020-09-18,Germany,1.676,2.128
2020-09-19,Germany,0.831,2.115
2020-09-20,Germany,1.996,2.144
2020-09-21,Germany,2.186,2.112
2020-09-22,Germany,2.667,2.115
2020-09-23,Germany,2.884,2.122
2020-09-24,Germany,2.811,2.15
2020-09-25,Germany,2.15,2.218
2020-09-26,Germany,1.053,2.25
2020-09-27,Germany,2.209,2.28
2020-09-28,Germany,2.607,2.34
2020-09-29,Germany,3.297,2.43
2020-09-30,Germany,3.527,2.522
2020-10-01,Germany,3.523,2.624
2020-10-02,Germany,2.645,2.694
2020-10-03,Germany,1.391,2.743
2020-10-04,Germany,2.907,2.842
2020-10-05,Germany,4.326,3.088
2020-10-06,Germany,5.414,3.39
2020-10-07,Germany,5.618,3.689
2020-10-08,Germany,6.099,4.057
2020-10-09,Germany,4.371,4.304
2020-10-10,Germany,2.737,4.496
2020-10-11,Germany,5.046,4.801
2020-10-12,Germany,6.467,5.107
2020-10-13,Germany,8.731,5.581
2020-10-14,Germany,9.521,6.139
2020-10-15,Germany,9.611,6.64
2020-10-16,Germany,6.85,6.995
2020-10-17,Germany,4.43,7.237
2020-10-18,Germany,7.816,7.632
2020-10-19,Germany,11.388,8.335
2020-10-20,Germany,14.947,9.223
2020-10-21,Germany,16.78,10.26
2020-10-22,Germany,16.911,11.303
2020-10-23,Germany,13.368,12.234
2020-10-24,Germany,8.976,12.884
2020-10-25,Germany,14.485,13.836
2020-10-26,Germany,19.202,14.953
2020-10-27,Germany,23.185,16.129
2020-10-28,Germany,23.909,17.148
2020-10-29,Germany,23.375,18.071
2020-10-30,Germany,16.861,18.57
2020-10-31,Germany,12.675,19.099
2020-11-01,Germany,18.373,19.654
2020-11-02,Germany,23.314,20.242
2020-11-03,Germany,25.54,20.578
2020-11-04,Germany,26.835,20.996
2020-11-05,Germany,25.994,21.37
2020-11-06,Germany,19.193,21.703
2020-11-07,Germany,12.208,21.637
2020-11-08,Germany,19.267,21.764
2020-11-09,Germany,23.629,21.809
2020-11-10,Germany,27.35,22.068
2020-11-11,Germany,28.338,22.283
2020-11-12,Germany,25.759,22.249
2020-11-13,Germany,19.025,22.225
2020-11-14,Germany,10.648,22.002
2020-11-15,Germany,17.698,21.778
2020-11-16,Germany,24.52,21.905
2020-11-17,Germany,28.551,22.077
2020-11-18,Germany,28.609,22.116
2020-11-19,Germany,26.853,22.272
2020-11-20,Germany,17.79,22.096
2020-11-21,Germany,10.623,22.092
2020-11-22,Germany,18.157,22.158
2020-11-23,Germany,23.378,21.994
2020-11-24,Germany,26.555,21.709
2020-11-25,Germany,27.419,21.539
2020-11-26,Germany,24.262,21.169
2020-11-27,Germany,17.996,21.199
2020-11-28,Germany,10.581,21.193
2020-11-29,Germany,16.013,20.886
2020-11-30,Germany,23.148,20.853
2020-12-01,Germany,27.948,21.052
2020-12-02,Germany,29.416,21.338
2020-12-03,Germany,26.805,21.701
2020-12-04,Germany,18.944,21.836
2020-12-05,Germany,12.327,22.086
2020-12-06,Germany,19.833,22.631
2020-12-07,Germany,27.462,23.248
2020-12-08,Germany,33.285,24.01
2020-12-09,Germany,34.982,24.805
2020-12-10,Germany,32.824,25.665
2020-12-11,Germany,24.821,26.505
2020-12-12,Germany,15.054,26.894
2020-12-13,Germany,22.974,27.343
2020-12-14,Germany,32.437,28.054
2020-12-15,Germany,37.767,28.694
2020-12-16,Germany,38.486,29.195
2020-12-17,Germany,35.845,29.626
2020-12-18,Germany,26.13,29.813
2020-12-19,Germany,16.746,30.055
2020-12-20,Germany,24.45,30.266
2020-12-21,Germany,34.906,30.619
2020-12-22,Germany,40.917,31.069
2020-12-23,Germany,25.468,29.209
2020-12-24,Germany,15.837,26.351
2020-12-25,Germany,13.904,24.604
2020-12-26,Germany,11.814,23.899
2020-12-27,Germany,18.957,23.115
2020-12-28,Germany,33.201,22.871
2020-12-29,Germany,37.407,22.37
2020-12-30,Germany,23.599,22.103
2020-12-31,Germany,12.371,21.608
2021-01-01,Germany,12.072,21.346
2021-01-02,Germany,10.641,21.178
2021-01-03,Germany,17.229,20.931
2021-01-04,Germany,33.044,20.909
2021-01-05,Germany,33.678,20.376
2021-01-06,Germany,31.451,21.498
2021-01-07,Germany,29.549,23.952
2021-01-08,Germany,20.075,25.095
2021-01-09,Germany,10.211,25.034
2021-01-10,Germany,16.238,24.892
2021-01-11,Germany,27.203,24.058
2021-01-12,Germany,29.037,23.395
2021-01-13,Germany,24.569,22.412
2021-01-14,Germany,22.05,21.34
2021-01-15,Germany,16.179,20.784
2021-01-16,Germany,7.944,20.46
2021-01-17,Germany,11.029,19.716
2021-01-18,Germany,22.237,19.006
2021-01-19,Germany,23.457,18.209
2021-01-20,Germany,20.254,17.593
2021-01-21,Germany,18.109,17.03
2021-01-22,Germany,13.938,16.71
2021-01-23,Germany,6.044,16.438
2021-01-24,Germany,8.127,16.024
2021-01-25,Germany,18.676,15.515
2021-01-26,Germany,19.052,14.886
2021-01-27,Germany,16.095,14.292
2021-01-28,Germany,15.136,13.867
2021-01-29,Germany,11.982,13.588
2021-01-30,Germany,5.069,13.448
2021-01-31,Germany,7.055,13.295
2021-02-01,Germany,14.812,12.743
2021-02-02,Germany,16.161,12.33
2021-02-03,Germany,13.861,12.011
2021-02-04,Germany,12.06,11.571
2021-02-05,Germany,10.098,11.302
2021-02-06,Germany,3.722,11.11
2021-02-07,Germany,5.04,10.822
2021-02-08,Germany,10.959,10.271
2021-02-09,Germany,12.383,9.732
2021-02-10,Germany,11.268,9.361
2021-02-11,Germany,10.289,9.108
2021-02-12,Germany,6.742,8.629
2021-02-13,Germany,4.531,8.745
2021-02-14,Germany,5.293,8.781
2021-02-15,Germany,11.14,8.807
2021-02-16,Germany,12.054,8.76
2021-02-17,Germany,11.122,8.739
2021-02-18,Germany,10.512,8.77
2021-02-19,Germany,9.369,9.146
2021-02-20,Germany,3.667,9.022
2021-02-21,Germany,5.307,9.024
2021-02-22,Germany,12.263,9.185
2021-02-23,Germany,13.611,9.407
2021-02-24,Germany,11.939,9.524
2021-02-25,Germany,11.405,9.652
2021-02-26,Germany,9.226,9.631
2021-02-27,Germany,4.159,9.702
2021-02-28,Germany,5.646,9.75
2021-03-01,Germany,13.207,9.885
2021-03-02,Germany,13.626,9.887
2021-03-03,Germany,12.21,9.925
2021-03-04,Germany,11.629,9.957
2021-03-05,Germany,9.993,10.067
2021-03-06,Germany,4.051,10.052
2021-03-07,Germany,5.837,10.079
2021-03-08,Germany,13.865,10.173
2021-03-09,Germany,16.86,10.635
2021-03-10,Germany,15.855,11.156
2021-03-11,Germany,15.121,11.655
2021-03-12,Germany,12.613,12.029
2021-03-13,Germany,5.826,12.283
2021-03-14,Germany,8.246,12.627
2021-03-15,Germany,19.025,13.364
2021-03-16,Germany,22.12,14.115
2021-03-17,Germany,20.159,14.73
2021-03-18,Germany,18.911,15.272
2021-03-19,Germany,15.931,15.746
2021-03-20,Germany,7.174,15.938
2021-03-21,Germany,10.732,16.293
2021-03-22,Germany,23.432,16.923
2021-03-23,Germany,27.29,17.661
2021-03-24,Germany,26.391,18.552
2021-03-25,Germany,24.14,19.299
2021-03-26,Germany,19.012,19.739
2021-03-27,Germany,9.144,20.02
2021-03-28,Germany,13.24,20.379
2021-03-29,Germany,24.555,20.539
2021-03-30,Germany,28.902,20.769
2021-03-31,Germany,25.84,20.69
2021-04-01,Germany,18.661,19.908
2021-04-02,Germany,12.803,19.021
2021-04-03,Germany,8.615,18.945
2021-04-04,Germany,8.481,18.265
2021-04-05,Germany,13.862,16.738
2021-04-06,Germany,28.581,16.692
2021-04-07,Germany,31.046,17.436
2021-04-08,Germany,28.065,18.779
2021-04-09,Germany,21.732,20.055
2021-04-10,Germany,10.659,20.347
2021-04-11,Germany,14.603,21.221
2021-04-12,Germany,32.202,23.841
2021-04-13,Germany,34.4,24.672
2021-04-14,Germany,30.21,24.553
2021-04-15,Germany,27.807,24.516
2021-04-16,Germany,21.313,24.456
2021-04-17,Germany,10.606,24.449
2021-04-18,Germany,14.824,24.48
2021-04-19,Germany,33.696,24.694
2021-04-20,Germany,35.376,24.833
2021-04-21,Germany,30.662,24.898
2021-04-22,Germany,27.679,24.879
2021-04-23,Germany,21.711,24.936
2021-04-24,Germany,10.44,24.912
2021-04-25,Germany,14.716,24.897
2021-04-26,Germany,30.438,24.432
2021-04-27,Germany,30.128,23.682
2021-04-28,Germany,25.823,22.991
2021-04-29,Germany,23.072,22.332
2021-04-30,Germany,18.146,21.823
2021-05-01,Germany,8.019,21.477
2021-05-02,Germany,10.99,20.945
2021-05-03,Germany,25.27,20.207
2021-05-04,Germany,25.119,19.491
2021-05-05,Germany,20.677,18.756
2021-05-06,Germany,18.638,18.123
2021-05-07,Germany,14.499,17.602
2021-05-08,Germany,6.407,17.372
2021-05-09,Germany,8.909,17.074
2021-05-10,Germany,20.177,16.347
2021-05-11,Germany,19.857,15.595
2021-05-12,Germany,11.642,14.304
2021-05-13,Germany,9.206,12.957
2021-05-14,Germany,10.357,12.365
2021-05-15,Germany,5.148,12.185
2021-05-16,Germany,6.325,11.816
2021-05-17,Germany,14.848,11.055
2021-05-18,Germany,13.622,10.164
2021-05-19,Germany,10.157,9.952
2021-05-20,Germany,9.133,9.941
2021-05-21,Germany,7.012,9.464
2021-05-22,Germany,2.411,9.073
2021-05-23,Germany,2.166,8.478
2021-05-24,Germany,4.422,6.989
2021-05-25,Germany,8.614,6.273
2021-05-26,Germany,8.213,5.996
2021-05-27,Germany,6.215,5.579
2021-05-28,Germany,4.445,5.212
2021-05-29,Germany,1.934,5.144
2021-05-30,Germany,2.938,5.254
2021-05-31,Germany,6.148,5.501
2021-06-01,Germany,5.405,5.043
2021-06-02,Germany,3.54,4.375
2021-06-03,Germany,2.74,3.879
2021-06-04,Germany,2.78,3.641
2021-06-05,Germany,1.367,3.56
2021-06-06,Germany,2.066,3.435
2021-06-07,Germany,4.26,3.166
2021-06-08,Germany,3.452,2.887
2021-06-09,Germany,2.749,2.774
2021-06-10,Germany,2.219,2.699
2021-06-11,Germany,1.579,2.527
2021-06-12,Germany,0.622,2.421
2021-06-13,Germany,1.125,2.287
2021-06-14,Germany,2.051,1.971
2021-06-15,Germany,1.741,1.726
2021-06-16,Germany,1.397,1.533
2021-06-17,Germany,1.244,1.394
2021-06-18,Germany,0.888,1.295
2021-06-19,Germany,0.332,1.254
2021-06-20,Germany,0.734,1.198
2021-06-21,Germany,1.286,1.089
2021-06-22,Germany,1.09,0.996
2021-06-23,Germany,0.999,0.939
2021-06-24,Germany,0.891,0.889
2021-06-25,Germany,0.583,0.845
2021-06-26,Germany,0.269,0.836
2021-06-27,Germany,0.631,0.821
2021-06-28,Germany,1.082,0.792
2021-06-29,Germany,1.043,0.785
2021-06-30,Germany,0.856,0.765
2021-07-01,Germany,0.807,0.753
2021-07-02,Germany,0.613,0.757
2021-07-03,Germany,0.251,0.755
2021-07-04,Germany,0.672,0.761
2021-07-05,Germany,1.282,0.789
2021-07-06,Germany,1.159,0.806
2021-07-07,Germany,1.153,0.848
2021-07-08,Germany,1.143,0.896
2021-07-09,Germany,0.953,0.945
2021-07-10,Germany,0.375,0.962
2021-07-11,Germany,0.967,1.004
2021-07-12,Germany,2.126,1.125
2021-07-13,Germany,1.96,1.239
2021-07-14,Germany,1.831,1.336
2021-07-15,Germany,1.951,1.452
2021-07-16,Germany,1.543,1.536
2021-07-17,Germany,0.601,1.568
2021-07-18,Germany,1.724,1.677
2021-07-19,Germany,2.82,1.776
2021-07-20,Germany,2.767,1.891
2021-07-21,Germany,2.681,2.012
2021-07-22,Germany,2.554,2.098
2021-07-23,Germany,1.92,2.152
2021-07-24,Germany,0.768,2.176
2021-07-25,Germany,2.003,2.216
2021-07-26,Germany,3.732,2.346
2021-07-27,Germany,3.427,2.441
2021-07-28,Germany,3.178,2.512
2021-07-29,Germany,3.046,2.582
2021-07-30,Germany,2.366,2.646
2021-07-31,Germany,0.943,2.671
2021-08-01,Germany,2.556,2.75
2021-08-02,Germany,4.522,2.863
2021-08-03,Germany,4.273,2.983
2021-08-04,Germany,4.253,3.137
2021-08-05,Germany,4.262,3.311
2021-08-06,Germany,3.364,3.453
2021-08-07,Germany,1.374,3.515
2021-08-08,Germany,3.523,3.653
2021-08-09,Germany,6.696,3.964
2021-08-10,Germany,6.804,4.325
2021-08-11,Germany,6.559,4.655
2021-08-12,Germany,6.968,5.041
2021-08-13,Germany,5.587,5.359
2021-08-14,Germany,2.495,5.519
2021-08-15,Germany,5.451,5.794
2021-08-16,Germany,10.742,6.372
2021-08-17,Germany,10.551,6.907
2021-08-18,Germany,10.465,7.465
2021-08-19,Germany,10.642,7.99
2021-08-20,Germany,8.217,8.366
2021-08-21,Germany,3.735,8.543
2021-08-22,Germany,7.928,8.897
2021-08-23,Germany,15.54,9.583
2021-08-24,Germany,15.324,10.265
2021-08-25,Germany,14.0,10.77
2021-08-26,Germany,12.53,11.039
2021-08-27,Germany,10.125,11.312
2021-08-28,Germany,4.505,11.422
2021-08-29,Germany,8.539,11.509
2021-08-30,Germany,17.565,11.798
2021-08-31,Germany,17.751,12.145
2021-09-01,Germany,15.327,12.334
2021-09-02,Germany,14.542,12.622
2021-09-03,Germany,11.427,12.808
2021-09-04,Germany,4.875,12.861
2021-09-05,Germany,8.447,12.848
2021-09-06,Germany,18.215,12.941
2021-09-07,Germany,17.051,12.841
2021-09-08,Germany,14.923,12.783
2021-09-09,Germany,13.426,12.624
2021-09-10,Germany,10.301,12.463
2021-09-11,Germany,3.955,12.331
2021-09-12,Germany,8.296,12.31
2021-09-13,Germany,16.131,12.012
2021-09-14,Germany,14.718,11.679
2021-09-15,Germany,12.374,11.314
2021-09-16,Germany,10.707,10.926
2021-09-17,Germany,8.474,10.665
2021-09-18,Germany,3.347,10.578
2021-09-19,Germany,6.514,10.324
2021-09-20,Germany,13.562,9.957
2021-09-21,Germany,12.597,9.654
2021-09-22,Germany,10.947,9.45
2021-09-23,Germany,10.129,9.367
2021-09-24,Germany,7.649,9.249
2021-09-25,Germany,3.187,9.226
2021-09-26,Germany,6.95,9.289
2021-09-27,Germany,15.239,9.528
2021-09-28,Germany,13.706,9.687
2021-09-29,Germany,11.443,9.758
2021-09-30,Germany,10.102,9.754
2021-10-01,Germany,7.41,9.72
2021-10-02,Germany,3.191,9.72
2021-10-03,Germany,6.831,9.703
2021-10-04,Germany,14.716,9.629
2021-10-05,Germany,13.387,9.583
2021-10-06,Germany,12.209,9.692
2021-10-07,Germany,11.108,9.836
2021-10-08,Germany,8.451,9.985
2021-10-09,Germany,3.175,9.983
2021-10-10,Germany,7.542,10.084
2021-10-11,Germany,15.23,10.158
2021-10-12,Germany,14.523,10.32
2021-10-13,Germany,13.659,10.527
2021-10-14,Germany,13.433,10.859
2021-10-15,Germany,10.225,11.113
2021-10-16,Germany,4.106,11.246
2021-10-17,Germany,9.807,11.569
2021-10-18,Germany,23.085,12.691
2021-10-19,Germany,21.655,13.71
2021-10-20,Germany,20.835,14.735
2021-10-21,Germany,20.085,15.686
2021-10-22,Germany,16.007,16.511
2021-10-23,Germany,6.238,16.816
2021-10-24,Germany,14.3,17.458
2021-10-25,Germany,31.775,18.699
2021-10-26,Germany,32.88,20.303
2021-10-27,Germany,29.339,21.518
2021-10-28,Germany,27.193,22.533
2021-10-29,Germany,20.571,23.185
2021-10-30,Germany,8.976,23.576
2021-10-31,Germany,13.837,23.51
2021-11-01,Germany,29.388,23.169
2021-11-02,Germany,43.538,24.692
2021-11-03,Germany,43.921,26.775
2021-11-04,Germany,40.651,28.697
2021-11-05,Germany,28.631,29.849
2021-11-06,Germany,14.295,30.609
2021-11-07,Germany,29.255,32.811
2021-11-08,Germany,56.84,36.733
2021-11-09,Germany,61.247,39.263
2021-11-10,Germany,59.923,41.549
2021-11-11,Germany,55.506,43.671
2021-11-12,Germany,40.922,45.427
2021-11-13,Germany,22.933,46.661
2021-11-14,Germany,41.664,48.434
2021-11-15,Germany,75.875,51.153
2021-11-16,Germany,76.108,53.276
2021-11-17,Germany,73.771,55.254
2021-11-18,Germany,75.333,58.087
2021-11-19,Germany,50.998,59.526
2021-11-20,Germany,29.849,60.514
2021-11-21,Germany,56.169,62.586
2021-11-22,Germany,89.783,64.573
2021-11-23,Germany,91.225,66.732
2021-11-24,Germany,86.585,68.563
2021-11-25,Germany,77.18,68.827
2021-11-26,Germany,54.143,69.276
2021-11-27,Germany,30.751,69.405
2021-11-28,Germany,53.43,69.014
2021-11-29,Germany,88.655,68.853
2021-11-30,Germany,89.132,68.554
2021-12-01,Germany,81.935,67.889
2021-12-02,Germany,75.319,67.624
2021-12-03,Germany,51.188,67.201
2021-12-04,Germany,27.78,66.777
2021-12-05,Germany,51.218,66.461
2021-12-06,Germany,83.502,65.725
2021-12-07,Germany,80.939,64.555
2021-12-08,Germany,69.495,62.777
2021-12-09,Germany,61.607,60.819
2021-12-10,Germany,41.743,59.469
2021-12-11,Germany,18.732,58.177
2021-12-12,Germany,38.071,56.298
2021-12-13,Germany,72.541,54.733
2021-12-14,Germany,63.15,52.191
2021-12-15,Germany,56.942,50.398
2021-12-16,Germany,49.713,48.699
2021-12-17,Germany,34.344,47.642
2021-12-18,Germany,14.735,47.071
2021-12-19,Germany,32.472,46.271
2021-12-20,Germany,58.113,44.21
2021-12-21,Germany,49.296,42.231
2021-12-22,Germany,42.136,40.115
2021-12-23,Germany,26.367,36.78
2021-12-24,Germany,12.561,33.669
2021-12-25,Germany,12.55,33.356
2021-12-26,Germany,29.494,32.931
2021-12-27,Germany,52.2,32.086
2021-12-28,Germany,50.193,32.215
2021-12-29,Germany,49.926,33.327
2021-12-30,Germany,34.873,34.542
2021-12-31,Germany,17.13,35.195
2022-01-01,Germany,17.551,35.91
2022-01-02,Germany,43.319,37.885
2022-01-03,Germany,77.695,41.527
2022-01-04,Germany,77.701,45.456
2022-01-05,Germany,67.825,48.013
2022-01-06,Germany,67.378,52.657
2022-01-07,Germany,44.637,56.587
2022-01-08,Germany,28.608,58.166
2022-01-09,Germany,64.742,61.227
2022-01-10,Germany,103.706,64.942
2022-01-11,Germany,106.489,69.055
2022-01-12,Germany,101.293,73.836
2022-01-13,Germany,97.311,78.112
2022-01-14,Germany,68.865,81.573
2022-01-15,Germany,42.915,83.617
2022-01-16,Germany,99.721,88.614
2022-01-17,Germany,152.654,95.607
2022-01-18,Germany,168.86,104.517
2022-01-19,Germany,174.202,114.933
2022-01-20,Germany,173.491,125.815
2022-01-21,Germany,115.921,132.538
2022-01-22,Germany,74.501,137.05
2022-01-23,Germany,167.739,146.767
2022-01-24,Germany,233.061,158.254
2022-01-25,Germany,234.551,167.638
2022-01-26,Germany,239.579,176.978
2022-01-27,Germany,226.045,184.485
2022-01-28,Germany,149.791,189.324
2022-01-29,Germany,89.777,191.506
2022-01-30,Germany,191.241,194.863
2022-01-31,Germany,277.851,201.262
2022-02-01,Germany,288.469,208.965
2022-02-02,Germany,285.911,215.584
2022-02-03,Germany,252.828,219.41
2022-02-04,Germany,160.595,220.953
2022-02-05,Germany,99.787,222.383
2022-02-06,Germany,214.735,225.739
2022-02-07,Germany,302.472,229.257
2022-02-08,Germany,298.202,230.647
2022-02-09,Germany,276.847,229.352
2022-02-10,Germany,248.563,228.743
2022-02-11,Germany,147.343,226.85
2022-02-12,Germany,89.25,225.345
2022-02-13,Germany,190.903,221.94
2022-02-14,Germany,275.781,218.127
2022-02-15,Germany,277.432,215.16
2022-02-16,Germany,256.981,212.322
2022-02-17,Germany,215.141,207.547
2022-02-18,Germany,144.032,207.074
2022-02-19,Germany,77.388,205.38
2022-02-20,Germany,168.242,202.142
2022-02-21,Germany,263.423,200.377
2022-02-22,Germany,251.183,196.627
2022-02-23,Germany,229.14,192.65
2022-02-24,Germany,206.971,191.483
2022-02-25,Germany,130.776,189.589
2022-02-26,Germany,66.81,188.078
2022-02-27,Germany,155.057,186.194
2022-02-28,Germany,233.623,181.937
2022-03-01,Germany,247.569,181.421
2022-03-02,Germany,255.915,185.246
2022-03-03,Germany,229.164,188.416
2022-03-04,Germany,147.118,190.751
2022-03-05,Germany,95.607,194.865
2022-03-06,Germany,199.306,201.186
2022-03-07,Germany,297.931,210.373
2022-03-08,Germany,314.731,219.967
2022-03-09,Germany,306.134,227.141
2022-03-10,Germany,287.2,235.432
2022-03-11,Germany,187.376,241.183
2022-03-12,Germany,106.945,242.803
2022-03-13,Germany,250.364,250.097
2022-03-14,Germany,343.346,256.585
2022-03-15,Germany,370.229,264.513
2022-03-16,Germany,355.214,271.525
2022-03-17,Germany,306.657,274.304
2022-03-18,Germany,172.202,272.137
2022-03-19,Germany,107.281,272.185
2022-03-20,Germany,286.44,277.338
2022-03-21,Germany,367.037,280.723
2022-03-22,Germany,370.845,280.811
2022-03-23,Germany,344.8,279.323
2022-03-24,Germany,294.214,277.546
2022-03-25,Germany,166.352,276.71
2022-03-26,Germany,83.785,273.353
2022-03-27,Germany,249.109,268.02
2022-03-28,Germany,330.493,262.8
2022-03-29,Germany,313.162,254.559
2022-03-30,Germany,279.381,245.214
2022-03-31,Germany,219.497,234.54
2022-04-01,Germany,112.061,226.784
2022-04-02,Germany,55.956,222.808
2022-04-03,Germany,187.031,213.94
2022-04-04,Germany,254.301,203.056
2022-04-05,Germany,227.693,190.846
2022-04-06,Germany,202.28,179.831
2022-04-07,Germany,172.166,173.07
2022-04-08,Germany,91.539,170.138
2022-04-09,Germany,51.294,169.472
2022-04-10,Germany,169.191,166.923
2022-04-11,Germany,220.22,162.055
2022-04-12,Germany,191.407,156.871
2022-04-13,Germany,181.696,153.931
2022-04-14,Germany,73.394,139.82
2022-04-15,Germany,62.306,135.644
2022-04-16,Germany,41.129,134.192
2022-04-17,Germany,44.289,116.349
2022-04-18,Germany,191.242,112.209
2022-04-19,Germany,216.586,115.806
2022-04-20,Germany,188.003,116.707
2022-04-21,Germany,144.165,126.817
2022-04-22,Germany,65.586,127.286
2022-04-23,Germany,32.535,126.058
2022-04-24,Germany,143.358,140.211
2022-04-25,Germany,168.082,136.902
2022-04-26,Germany,139.47,125.886
2022-04-27,Germany,114.159,115.336
2022-04-28,Germany,94.285,108.211
2022-04-29,Germany,40.853,104.677
2022-04-30,Germany,18.994,102.743
2022-05-01,Germany,104.941,97.255
2022-05-02,Germany,128.77,91.639
2022-05-03,Germany,108.167,87.167
2022-05-04,Germany,96.987,84.714
2022-05-05,Germany,81.094,82.83
2022-05-06,Germany,32.368,81.617
2022-05-07,Germany,15.967,81.185
2022-05-08,Germany,102.362,80.817
2022-05-09,Germany,114.407,78.765
2022-05-10,Germany,93.302,76.641
2022-05-11,Germany,78.43,73.99
2022-05-12,Germany,68.566,72.2
2022-05-13,Germany,24.168,71.029
2022-05-14,Germany,11.566,70.4
2022-05-15,Germany,79.247,67.098
2022-05-16,Germany,82.153,62.49
2022-05-17,Germany,64.795,58.418
2022-05-18,Germany,53.431,54.847
2022-05-19,Germany,48.145,51.929
2022-05-20,Germany,16.579,50.845
2022-05-21,Germany,8.337,50.384
2022-05-22,Germany,56.757,47.171
2022-05-23,Germany,56.234,43.468
2022-05-24,Germany,42.57,40.293
2022-05-25,Germany,10.017,34.091
2022-05-26,Germany,39.32,32.83
2022-05-27,Germany,12.768,32.286
2022-05-28,Germany,7.744,32.201
2022-05-29,Germany,56.556,32.173
2022-05-30,Germany,62.088,33.009
2022-05-31,Germany,54.016,34.644
2022-06-01,Germany,51.086,40.511
2022-06-02,Germany,47.458,41.674
2022-06-03,Germany,15.369,42.045
2022-06-04,Germany,8.538,42.159
2022-06-05,Germany,11.221,35.682
2022-06-06,Germany,85.767,39.065
2022-06-07,Germany,98.84,45.468
2022-06-08,Germany,85.85,50.435
2022-06-09,Germany,78.641,54.889
2022-06-10,Germany,23.696,56.079
2022-06-11,Germany,14.691,56.958
2022-06-12,Germany,104.854,70.334
2022-06-13,Germany,112.822,74.199
2022-06-14,Germany,98.368,74.132
2022-06-15,Germany,44.504,68.225
2022-06-16,Germany,93.08,70.288
2022-06-17,Germany,27.606,70.846
2022-06-18,Germany,15.728,70.994
2022-06-19,Germany,126.841,74.135
2022-06-20,Germany,150.119,79.464
2022-06-21,Germany,136.847,84.961
2022-06-22,Germany,122.175,96.056
2022-06-23,Germany,104.997,97.759
2022-06-24,Germany,32.619,98.475
2022-06-25,Germany,17.607,98.744
2022-06-26,Germany,140.708,100.725
2022-06-27,Germany,166.253,103.03
2022-06-28,Germany,150.79,105.021
2022-06-29,Germany,132.774,106.536
2022-06-30,Germany,114.312,107.866
2022-07-01,Germany,28.654,107.3
2022-07-02,Germany,16.253,107.106
2022-07-03,Germany,145.501,107.791
2022-07-04,Germany,164.678,107.566
2022-07-05,Germany,153.528,107.957
2022-07-06,Germany,133.559,108.069
2022-07-07,Germany,115.036,108.173
2022-07-08,Germany,28.227,108.112
2022-07-09,Germany,17.057,108.227
2022-07-10,Germany,157.937,110.003
2022-07-11,Germany,174.332,111.382
2022-07-12,Germany,163.28,112.776
2022-07-13,Germany,140.736,113.801
2022-07-14,Germany,130.619,116.027
2022-07-15,Germany,30.348,116.33
2022-07-16,Germany,15.735,116.141
2022-07-17,Germany,161.914,116.709
2022-07-18,Germany,172.654,116.47
2022-07-19,Germany,147.048,114.151
2022-07-20,Germany,124.733,111.864
2022-07-21,Germany,107.729,108.594
2022-07-22,Germany,26.697,108.073
2022-07-23,Germany,14.295,107.867
2022-07-24,Germany,144.812,105.424
2022-07-25,Germany,142.244,101.08
2022-07-26,Germany,115.807,96.617
2022-07-27,Germany,90.678,91.752
2022-07-28,Germany,74.735,87.038
2022-07-29,Germany,18.879,85.921
2022-07-30,Germany,9.638,85.256
2022-07-31,Germany,101.369,79.05
2022-08-01,Germany,101.644,73.25
2022-08-02,Germany,82.965,68.558
2022-08-03,Germany,67.71,65.277
2022-08-04,Germany,58.6,62.972
2022-08-05,Germany,16.2,62.589
2022-08-06,Germany,8.635,62.446
2022-08-07,Germany,79.736,59.356
2022-08-08,Germany,81.306,56.45
2022-08-09,Germany,67.325,54.216
2022-08-10,Germany,57.053,52.694
2022-08-11,Germany,52.419,51.811
2022-08-12,Germany,13.382,51.408
2022-08-13,Germany,7.846,51.296
2022-08-14,Germany,65.569,49.272
2022-08-15,Germany,76.013,48.515
2022-08-16,Germany,63.063,47.906
2022-08-17,Germany,51.624,47.131
2022-08-18,Germany,42.917,45.773
2022-08-19,Germany,11.653,45.526
2022-08-20,Germany,6.096,45.276
2022-08-21,Germany,60.675,44.577
2022-08-22,Germany,62.571,42.657
2022-08-23,Germany,53.138,41.239
2022-08-24,Germany,43.156,40.029
2022-08-25,Germany,38.943,39.462
2022-08-26,Germany,9.719,39.186
2022-08-27,Germany,5.867,39.153
2022-08-28,Germany,55.562,38.422
2022-08-29,Germany,57.175,37.652
2022-08-30,Germany,44.343,36.395
2022-08-31,Germany,36.537,35.449
2022-09-01,Germany,34.441,34.806
2022-09-02,Germany,9.47,34.771
2022-09-03,Germany,4.913,34.634
2022-09-04,Germany,51.545,34.061
2022-09-05,Germany,55.163,33.773
2022-09-06,Germany,47.354,34.203
2022-09-07,Germany,40.399,34.755
2022-09-08,Germany,36.282,35.018
2022-09-09,Germany,8.95,34.944
2022-09-10,Germany,5.096,34.97
2022-09-11,Germany,55.844,35.584
2022-09-12,Germany,59.985,36.273
2022-09-13,Germany,38.748,35.043
2020-03-01,Norway,0.0,0.0
2020-03-02,Norway,0.225,0.113
2020-03-03,Norway,0.582,0.269
2020-03-04,Norway,0.619,0.357
2020-03-05,Norway,0.619,0.409
2020-03-06,Norway,0.45,0.416
2020-03-07,Norway,0.357,0.408
2020-03-08,Norway,1.22,0.582
2020-03-09,Norway,4.636,1.212
2020-03-10,Norway,4.523,1.775
2020-03-11,Norway,3.284,2.156
2020-03-12,Norway,3.866,2.619
2020-03-13,Norway,2.759,2.949
2020-03-14,Norway,1.877,3.166
2020-03-15,Norway,1.858,3.258
2020-03-16,Norway,3.378,3.078
2020-03-17,Norway,3.303,2.904
2020-03-18,Norway,3.998,3.006
2020-03-19,Norway,4.486,3.094
2020-03-20,Norway,5.781,3.526
2020-03-21,Norway,3.266,3.724
2020-03-22,Norway,2.778,3.855
2020-03-23,Norway,5.555,4.167
2020-03-24,Norway,5.874,4.534
2020-03-25,Norway,5.48,4.746
2020-03-26,Norway,5.593,4.904
2020-03-27,Norway,4.917,4.78
2020-03-28,Norway,3.115,4.759
2020-03-29,Norway,1.989,4.646
2020-03-30,Norway,4.955,4.561
2020-03-31,Norway,3.904,4.279
2020-04-01,Norway,3.716,4.027
2020-04-02,Norway,3.716,3.759
2020-04-03,Norway,3.078,3.496
2020-04-04,Norway,1.652,3.287
2020-04-05,Norway,1.351,3.196
2020-04-06,Norway,2.984,2.914
2020-04-07,Norway,2.628,2.732
2020-04-08,Norway,1.989,2.485
2020-04-09,Norway,1.933,2.231
2020-04-10,Norway,1.276,1.973
2020-04-11,Norway,2.064,2.032
2020-04-12,Norway,1.445,2.046
2020-04-13,Norway,1.445,1.826
2020-04-14,Norway,2.29,1.778
2020-04-15,Norway,1.933,1.77
2020-04-16,Norway,1.501,1.708
2020-04-17,Norway,2.027,1.815
2020-04-18,Norway,0.92,1.652
2020-04-19,Norway,0.676,1.542
2020-04-20,Norway,1.577,1.56
2020-04-21,Norway,1.464,1.442
2020-04-22,Norway,1.445,1.373
2020-04-23,Norway,1.295,1.343
2020-04-24,Norway,0.995,1.196
2020-04-25,Norway,0.469,1.131
2020-04-26,Norway,0.694,1.134
2020-04-27,Norway,1.333,1.099
2020-04-28,Norway,0.938,1.024
2020-04-29,Norway,0.732,0.922
2020-04-30,Norway,0.732,0.842
2020-05-01,Norway,0.807,0.815
2020-05-02,Norway,0.432,0.81
2020-05-03,Norway,0.826,0.828
2020-05-04,Norway,0.845,0.759
2020-05-05,Norway,0.826,0.743
2020-05-06,Norway,0.732,0.743
2020-05-07,Norway,0.544,0.716
2020-05-08,Norway,0.788,0.713
2020-05-09,Norway,0.206,0.681
2020-05-10,Norway,0.225,0.595
2020-05-11,Norway,0.469,0.542
2020-05-12,Norway,0.357,0.475
2020-05-13,Norway,0.357,0.421
2020-05-14,Norway,0.45,0.408
2020-05-15,Norway,0.432,0.357
2020-05-16,Norway,0.244,0.362
2020-05-17,Norway,0.075,0.341
2020-05-18,Norway,0.319,0.319
2020-05-19,Norway,0.375,0.322
2020-05-20,Norway,0.357,0.322
2020-05-21,Norway,0.263,0.295
2020-05-22,Norway,0.488,0.303
2020-05-23,Norway,0.113,0.284
2020-05-24,Norway,0.113,0.29
2020-05-25,Norway,0.338,0.292
2020-05-26,Norway,0.225,0.271
2020-05-27,Norway,0.338,0.268
2020-05-28,Norway,0.3,0.273
2020-05-29,Norway,0.3,0.247
2020-05-30,Norway,0.0,0.231
2020-05-31,Norway,0.113,0.231
2020-06-01,Norway,0.131,0.201
2020-06-02,Norway,0.582,0.252
2020-06-03,Norway,0.225,0.236
2020-06-04,Norway,0.319,0.239
2020-06-05,Norway,0.563,0.276
2020-06-06,Norway,0.15,0.298
2020-06-07,Norway,0.169,0.306
2020-06-08,Norway,0.357,0.338
2020-06-09,Norway,0.244,0.29
2020-06-10,Norway,0.263,0.295
2020-06-11,Norway,0.206,0.279
2020-06-12,Norway,0.244,0.233
2020-06-13,Norway,0.131,0.231
2020-06-14,Norway,0.113,0.223
2020-06-15,Norway,0.338,0.22
2020-06-16,Norway,0.676,0.282
2020-06-17,Norway,0.282,0.284
2020-06-18,Norway,0.244,0.29
2020-06-19,Norway,0.338,0.303
2020-06-20,Norway,0.113,0.3
2020-06-21,Norway,0.075,0.295
2020-06-22,Norway,0.526,0.322
2020-06-23,Norway,0.244,0.26
2020-06-24,Norway,0.394,0.276
2020-06-25,Norway,0.319,0.287
2020-06-26,Norway,0.413,0.298
2020-06-27,Norway,0.188,0.308
2020-06-28,Norway,0.019,0.3
2020-06-29,Norway,0.488,0.295
2020-06-30,Norway,0.206,0.29
2020-07-01,Norway,0.15,0.255
2020-07-02,Norway,0.169,0.233
2020-07-03,Norway,0.188,0.201
2020-07-04,Norway,0.038,0.18
2020-07-05,Norway,0.019,0.18
2020-07-06,Norway,0.263,0.147
2020-07-07,Norway,0.188,0.145
2020-07-08,Norway,0.206,0.153
2020-07-09,Norway,0.15,0.15
2020-07-10,Norway,0.244,0.158
2020-07-11,Norway,0.075,0.164
2020-07-12,Norway,0.094,0.174
2020-07-13,Norway,0.357,0.188
2020-07-14,Norway,0.15,0.182
2020-07-15,Norway,0.113,0.169
2020-07-16,Norway,0.075,0.158
2020-07-17,Norway,0.225,0.156
2020-07-18,Norway,0.019,0.147
2020-07-19,Norway,0.056,0.142
2020-07-20,Norway,0.394,0.147
2020-07-21,Norway,0.113,0.142
2020-07-22,Norway,0.413,0.185
2020-07-23,Norway,0.113,0.19
2020-07-24,Norway,0.45,0.223
2020-07-25,Norway,0.113,0.236
2020-07-26,Norway,0.169,0.252
2020-07-27,Norway,0.45,0.26
2020-07-28,Norway,0.3,0.287
2020-07-29,Norway,0.694,0.327
2020-07-30,Norway,0.432,0.373
2020-07-31,Norway,1.351,0.501
2020-08-01,Norway,0.263,0.523
2020-08-02,Norway,0.244,0.534
2020-08-03,Norway,0.713,0.571
2020-08-04,Norway,0.751,0.635
2020-08-05,Norway,1.239,0.713
2020-08-06,Norway,1.483,0.863
2020-08-07,Norway,1.501,0.885
2020-08-08,Norway,0.657,0.941
2020-08-09,Norway,0.638,0.997
2020-08-10,Norway,1.182,1.064
2020-08-11,Norway,0.807,1.072
2020-08-12,Norway,1.182,1.064
2020-08-13,Norway,1.013,0.997
2020-08-14,Norway,1.426,0.987
2020-08-15,Norway,0.826,1.011
2020-08-16,Norway,0.507,0.992
2020-08-17,Norway,1.389,1.022
2020-08-18,Norway,1.089,1.062
2020-08-19,Norway,1.126,1.054
2020-08-20,Norway,0.957,1.046
2020-08-21,Norway,0.995,0.984
2020-08-22,Norway,0.845,0.987
2020-08-23,Norway,0.357,0.965
2020-08-24,Norway,1.257,0.946
2020-08-25,Norway,0.788,0.904
2020-08-26,Norway,0.751,0.85
2020-08-27,Norway,0.976,0.853
2020-08-28,Norway,1.577,0.936
2020-08-29,Norway,0.788,0.928
2020-08-30,Norway,0.938,1.011
2020-08-31,Norway,2.778,1.228
2020-09-01,Norway,2.158,1.424
2020-09-02,Norway,1.896,1.587
2020-09-03,Norway,2.346,1.783
2020-09-04,Norway,2.233,1.877
2020-09-05,Norway,1.37,1.96
2020-09-06,Norway,1.126,1.987
2020-09-07,Norway,2.477,1.944
2020-09-08,Norway,2.121,1.938
2020-09-09,Norway,2.327,2.0
2020-09-10,Norway,2.477,2.019
2020-09-11,Norway,2.233,2.019
2020-09-12,Norway,1.257,2.003
2020-09-13,Norway,1.464,2.051
2020-09-14,Norway,1.952,1.976
2020-09-15,Norway,2.496,2.03
2020-09-16,Norway,2.571,2.064
2020-09-17,Norway,2.196,2.024
2020-09-18,Norway,1.764,1.957
2020-09-19,Norway,1.089,1.933
2020-09-20,Norway,1.445,1.93
2020-09-21,Norway,3.059,2.089
2020-09-22,Norway,1.896,2.003
2020-09-23,Norway,2.684,2.019
2020-09-24,Norway,2.496,2.062
2020-09-25,Norway,2.44,2.158
2020-09-26,Norway,1.182,2.172
2020-09-27,Norway,1.013,2.11
2020-09-28,Norway,2.327,2.005
2020-09-29,Norway,2.064,2.03
2020-09-30,Norway,2.252,1.968
2020-10-01,Norway,2.459,1.963
2020-10-02,Norway,2.515,1.973
2020-10-03,Norway,2.064,2.099
2020-10-04,Norway,1.67,2.193
2020-10-05,Norway,3.923,2.421
2020-10-06,Norway,3.716,2.657
2020-10-07,Norway,3.735,2.869
2020-10-08,Norway,3.153,2.968
2020-10-09,Norway,2.646,2.987
2020-10-10,Norway,1.22,2.866
2020-10-11,Norway,1.464,2.837
2020-10-12,Norway,3.134,2.724
2020-10-13,Norway,2.909,2.609
2020-10-14,Norway,3.04,2.51
2020-10-15,Norway,2.646,2.437
2020-10-16,Norway,2.571,2.426
2020-10-17,Norway,1.652,2.488
2020-10-18,Norway,1.745,2.528
2020-10-19,Norway,4.11,2.668
2020-10-20,Norway,3.435,2.743
2020-10-21,Norway,4.148,2.901
2020-10-22,Norway,5.349,3.287
2020-10-23,Norway,6.907,3.906
2020-10-24,Norway,4.335,4.29
2020-10-25,Norway,3.791,4.582
2020-10-26,Norway,9.14,5.301
2020-10-27,Norway,7.338,5.858
2020-10-28,Norway,9.666,6.647
2020-10-29,Norway,8.089,7.038
2020-10-30,Norway,11.58,7.706
2020-10-31,Norway,7.226,8.119
2020-11-01,Norway,6.062,8.443
2020-11-02,Norway,12.143,8.872
2020-11-03,Norway,12.819,9.655
2020-11-04,Norway,12.95,10.124
2020-11-05,Norway,11.298,10.582
2020-11-06,Norway,12.199,10.671
2020-11-07,Norway,7.282,10.679
2020-11-08,Norway,7.226,10.845
2020-11-09,Norway,13.269,11.006
2020-11-10,Norway,11.317,10.792
2020-11-11,Norway,12.424,10.717
2020-11-12,Norway,11.955,10.81
2020-11-13,Norway,13.081,10.936
2020-11-14,Norway,7.113,10.912
2020-11-15,Norway,7.601,10.966
2020-11-16,Norway,13.551,11.006
2020-11-17,Norway,11.918,11.092
2020-11-18,Norway,12.237,11.065
2020-11-19,Norway,10.585,10.869
2020-11-20,Norway,9.741,10.392
2020-11-21,Norway,5.405,10.148
2020-11-22,Norway,5.236,9.81
2020-11-23,Norway,11.448,9.51
2020-11-24,Norway,7.789,8.92
2020-11-25,Norway,9.628,8.547
2020-11-26,Norway,8.952,8.314
2020-11-27,Norway,8.389,8.121
2020-11-28,Norway,4.429,7.982
2020-11-29,Norway,4.279,7.845
2020-11-30,Norway,8.408,7.411
2020-12-01,Norway,6.794,7.269
2020-12-02,Norway,7.883,7.019
2020-12-03,Norway,7.507,6.813
2020-12-04,Norway,7.169,6.639
2020-12-05,Norway,4.73,6.681
2020-12-06,Norway,4.917,6.773
2020-12-07,Norway,9.384,6.912
2020-12-08,Norway,7.357,6.992
2020-12-09,Norway,8.502,7.081
2020-12-10,Norway,8.164,7.175
2020-12-11,Norway,7.564,7.231
2020-12-12,Norway,4.805,7.242
2020-12-13,Norway,5.349,7.303
2020-12-14,Norway,10.21,7.421
2020-12-15,Norway,8.258,7.55
2020-12-16,Norway,8.446,7.542
2020-12-17,Norway,8.089,7.531
2020-12-18,Norway,8.915,7.724
2020-12-19,Norway,5.799,7.866
2020-12-20,Norway,5.612,7.904
2020-12-21,Norway,11.655,8.11
2020-12-22,Norway,10.51,8.432
2020-12-23,Norway,11.017,8.8
2020-12-24,Norway,5.48,8.427
2020-12-25,Norway,5.499,7.939
2020-12-26,Norway,8.746,8.36
2020-12-27,Norway,7.976,8.698
2020-12-28,Norway,14.602,9.119
2020-12-29,Norway,13.119,9.491
2020-12-30,Norway,11.993,9.631
2020-12-31,Norway,8.145,10.011
2021-01-01,Norway,6.494,10.153
2021-01-02,Norway,9.872,10.314
2021-01-03,Norway,8.389,10.373
2021-01-04,Norway,17.604,10.802
2021-01-05,Norway,14.921,11.06
2021-01-06,Norway,13.325,11.25
2021-01-07,Norway,13.87,12.068
2021-01-08,Norway,12.218,12.886
2021-01-09,Norway,7.77,12.585
2021-01-10,Norway,8.164,12.553
2021-01-11,Norway,11.993,11.751
2021-01-12,Norway,10.566,11.129
2021-01-13,Norway,8.671,10.465
2021-01-14,Norway,8.521,9.7
2021-01-15,Norway,7.47,9.022
2021-01-16,Norway,5.011,8.628
2021-01-17,Norway,4.242,8.068
2021-01-18,Norway,8.371,7.55
2021-01-19,Norway,6.419,6.958
2021-01-20,Norway,6.663,6.671
2021-01-21,Norway,6.513,6.384
2021-01-22,Norway,6.212,6.204
2021-01-23,Norway,3.979,6.057
2021-01-24,Norway,3.547,5.958
2021-01-25,Norway,7.263,5.799
2021-01-26,Norway,5.18,5.622
2021-01-27,Norway,6.456,5.593
2021-01-28,Norway,5.349,5.427
2021-01-29,Norway,5.537,5.33
2021-01-30,Norway,3.284,5.231
2021-01-31,Norway,3.435,5.215
2021-02-01,Norway,5.987,5.033
2021-02-02,Norway,5.518,5.081
2021-02-03,Norway,6.1,5.03
2021-02-04,Norway,4.748,4.944
2021-02-05,Norway,5.405,4.925
2021-02-06,Norway,3.716,4.987
2021-02-07,Norway,3.134,4.944
2021-02-08,Norway,5.649,4.896
2021-02-09,Norway,5.067,4.831
2021-02-10,Norway,5.818,4.791
2021-02-11,Norway,4.917,4.815
2021-02-12,Norway,4.636,4.705
2021-02-13,Norway,3.472,4.671
2021-02-14,Norway,3.003,4.652
2021-02-15,Norway,6.231,4.735
2021-02-16,Norway,5.724,4.829
2021-02-17,Norway,6.006,4.856
2021-02-18,Norway,5.668,4.963
2021-02-19,Norway,6.344,5.207
2021-02-20,Norway,4.054,5.29
2021-02-21,Norway,4.148,5.453
2021-02-22,Norway,7.714,5.665
2021-02-23,Norway,8.352,6.041
2021-02-24,Norway,8.652,6.419
2021-02-25,Norway,9.891,7.022
2021-02-26,Norway,9.253,7.437
2021-02-27,Norway,7.169,7.883
2021-02-28,Norway,7.357,8.341
2021-03-01,Norway,10.36,8.719
2021-03-02,Norway,11.993,9.239
2021-03-03,Norway,12.349,9.767
2021-03-04,Norway,11.28,9.966
2021-03-05,Norway,13.194,10.529
2021-03-06,Norway,8.727,10.751
2021-03-07,Norway,10.735,11.234
2021-03-08,Norway,15.878,12.022
2021-03-09,Norway,14.977,12.449
2021-03-10,Norway,16.065,12.979
2021-03-11,Norway,14.639,13.459
2021-03-12,Norway,17.83,14.122
2021-03-13,Norway,13.832,14.851
2021-03-14,Norway,13.1,15.189
2021-03-15,Norway,20.776,15.888
2021-03-16,Norway,18.899,16.449
2021-03-17,Norway,19.857,16.99
2021-03-18,Norway,19.594,17.698
2021-03-19,Norway,18.787,17.835
2021-03-20,Norway,13.307,17.76
2021-03-21,Norway,12.18,17.629
2021-03-22,Norway,20.776,17.629
2021-03-23,Norway,18.149,17.521
2021-03-24,Norway,18.787,17.368
2021-03-25,Norway,16.347,16.905
2021-03-26,Norway,16.797,16.62
2021-03-27,Norway,11.298,16.334
2021-03-28,Norway,8.952,15.872
2021-03-29,Norway,16.234,15.224
2021-03-30,Norway,15.934,14.907
2021-03-31,Norway,15.127,14.384
2021-04-01,Norway,11.711,13.722
2021-04-02,Norway,13.138,13.199
2021-04-03,Norway,11.486,13.226
2021-04-04,Norway,12.256,13.698
2021-04-05,Norway,13.419,13.296
2021-04-06,Norway,16.666,13.4
2021-04-07,Norway,15.915,13.513
2021-04-08,Norway,14.451,13.904
2021-04-09,Norway,13.363,13.937
2021-04-10,Norway,9.309,13.626
2021-04-11,Norway,7.432,12.937
2021-04-12,Norway,13.851,12.998
2021-04-13,Norway,11.167,12.213
2021-04-14,Norway,11.28,11.55
2021-04-15,Norway,10.304,10.958
2021-04-16,Norway,10.867,10.601
2021-04-17,Norway,6.212,10.159
2021-04-18,Norway,6.494,10.025
2021-04-19,Norway,10.792,9.588
2021-04-20,Norway,9.985,9.419
2021-04-21,Norway,10.097,9.25
2021-04-22,Norway,8.69,9.019
2021-04-23,Norway,9.572,8.834
2021-04-24,Norway,5.386,8.716
2021-04-25,Norway,5.949,8.639
2021-04-26,Norway,9.422,8.443
2021-04-27,Norway,9.027,8.306
2021-04-28,Norway,7.864,7.987
2021-04-29,Norway,7.77,7.856
2021-04-30,Norway,8.277,7.671
2021-05-01,Norway,4.711,7.574
2021-05-02,Norway,5.555,7.518
2021-05-03,Norway,9.59,7.542
2021-05-04,Norway,8.69,7.494
2021-05-05,Norway,9.29,7.698
2021-05-06,Norway,9.553,7.952
2021-05-07,Norway,8.22,7.944
2021-05-08,Norway,6.606,8.215
2021-05-09,Norway,6.606,8.365
2021-05-10,Norway,9.834,8.4
2021-05-11,Norway,8.014,8.304
2021-05-12,Norway,7.132,7.995
2021-05-13,Norway,5.593,7.429
2021-05-14,Norway,7.789,7.368
2021-05-15,Norway,4.504,7.068
2021-05-16,Norway,5.255,6.874
2021-05-17,Norway,3.435,5.96
2021-05-18,Norway,10.172,6.269
2021-05-19,Norway,10.153,6.7
2021-05-20,Norway,11.317,7.518
2021-05-21,Norway,12.537,8.196
2021-05-22,Norway,6.606,8.497
2021-05-23,Norway,6.344,8.652
2021-05-24,Norway,7.188,9.188
2021-05-25,Norway,8.033,8.883
2021-05-26,Norway,6.813,8.405
2021-05-27,Norway,7.207,7.818
2021-05-28,Norway,6.513,6.958
2021-05-29,Norway,3.735,6.547
2021-05-30,Norway,3.472,6.137
2021-05-31,Norway,6.456,6.033
2021-06-01,Norway,7.263,5.923
2021-06-02,Norway,5.499,5.735
2021-06-03,Norway,5.293,5.461
2021-06-04,Norway,4.917,5.234
2021-06-05,Norway,2.721,5.089
2021-06-06,Norway,2.834,4.998
2021-06-07,Norway,3.81,4.62
2021-06-08,Norway,3.998,4.153
2021-06-09,Norway,3.885,3.923
2021-06-10,Norway,3.791,3.708
2021-06-11,Norway,2.909,3.421
2021-06-12,Norway,2.421,3.378
2021-06-13,Norway,2.083,3.271
2021-06-14,Norway,3.904,3.284
2021-06-15,Norway,3.66,3.236
2021-06-16,Norway,4.035,3.258
2021-06-17,Norway,3.697,3.244
2021-06-18,Norway,3.209,3.287
2021-06-19,Norway,2.872,3.351
2021-06-20,Norway,2.158,3.362
2021-06-21,Norway,3.847,3.354
2021-06-22,Norway,4.992,3.544
2021-06-23,Norway,4.486,3.609
2021-06-24,Norway,3.266,3.547
2021-06-25,Norway,3.284,3.558
2021-06-26,Norway,1.989,3.432
2021-06-27,Norway,1.989,3.408
2021-06-28,Norway,4.242,3.464
2021-06-29,Norway,3.998,3.322
2021-06-30,Norway,4.898,3.381
2021-07-01,Norway,3.697,3.443
2021-07-02,Norway,3.491,3.472
2021-07-03,Norway,1.858,3.453
2021-07-04,Norway,2.308,3.499
2021-07-05,Norway,3.885,3.448
2021-07-06,Norway,3.754,3.413
2021-07-07,Norway,3.829,3.26
2021-07-08,Norway,3.435,3.223
2021-07-09,Norway,3.284,3.193
2021-07-10,Norway,2.027,3.217
2021-07-11,Norway,1.896,3.158
2021-07-12,Norway,3.51,3.105
2021-07-13,Norway,2.74,2.96
2021-07-14,Norway,3.435,2.904
2021-07-15,Norway,3.51,2.914
2021-07-16,Norway,4.242,3.051
2021-07-17,Norway,2.083,3.059
2021-07-18,Norway,2.703,3.174
2021-07-19,Norway,4.298,3.287
2021-07-20,Norway,3.247,3.359
2021-07-21,Norway,4.898,3.569
2021-07-22,Norway,4.035,3.644
2021-07-23,Norway,4.711,3.711
2021-07-24,Norway,3.284,3.882
2021-07-25,Norway,3.735,4.03
2021-07-26,Norway,5.912,4.26
2021-07-27,Norway,6.55,4.732
2021-07-28,Norway,7.92,5.164
2021-07-29,Norway,6.494,5.515
2021-07-30,Norway,6.644,5.791
2021-07-31,Norway,4.692,5.992
2021-08-01,Norway,4.598,6.116
2021-08-02,Norway,8.539,6.491
2021-08-03,Norway,8.371,6.751
2021-08-04,Norway,9.422,6.966
2021-08-05,Norway,8.69,7.279
2021-08-06,Norway,8.971,7.612
2021-08-07,Norway,6.043,7.805
2021-08-08,Norway,6.212,8.035
2021-08-09,Norway,12.556,8.609
2021-08-10,Norway,10.81,8.958
2021-08-11,Norway,11.448,9.247
2021-08-12,Norway,10.116,9.451
2021-08-13,Norway,10.247,9.633
2021-08-14,Norway,8.164,9.936
2021-08-15,Norway,7.057,10.057
2021-08-16,Norway,11.73,9.939
2021-08-17,Norway,11.955,10.103
2021-08-18,Norway,12.931,10.314
2021-08-19,Norway,12.575,10.666
2021-08-20,Norway,13.907,11.188
2021-08-21,Norway,11.111,11.609
2021-08-22,Norway,10.397,12.087
2021-08-23,Norway,22.127,13.572
2021-08-24,Norway,25.074,15.446
2021-08-25,Norway,26.538,17.39
2021-08-26,Norway,26.163,19.331
2021-08-27,Norway,26.932,21.192
2021-08-28,Norway,18.768,22.286
2021-08-29,Norway,17.942,23.364
2021-08-30,Norway,34.833,25.179
2021-08-31,Norway,30.479,25.951
2021-09-01,Norway,30.273,26.484
2021-09-02,Norway,28.584,26.83
2021-09-03,Norway,28.997,27.125
2021-09-04,Norway,18.618,27.104
2021-09-05,Norway,17.905,27.098
2021-09-06,Norway,33.482,26.905
2021-09-07,Norway,26.988,26.407
2021-09-08,Norway,25.937,25.787
2021-09-09,Norway,24.886,25.259
2021-09-10,Norway,22.203,24.289
2021-09-11,Norway,12.481,23.412
2021-09-12,Norway,14.602,22.94
2021-09-13,Norway,24.642,21.677
2021-09-14,Norway,18.993,20.535
2021-09-15,Norway,17.285,19.299
2021-09-16,Norway,15.202,17.915
2021-09-17,Norway,12.837,16.578
2021-09-18,Norway,9.572,16.162
2021-09-19,Norway,9.027,15.366
2021-09-20,Norway,18.543,14.494
2021-09-21,Norway,13.175,13.663
2021-09-22,Norway,13.607,13.138
2021-09-23,Norway,14.264,13.004
2021-09-24,Norway,12.199,12.912
2021-09-25,Norway,7.582,12.628
2021-09-26,Norway,7.244,12.373
2021-09-27,Norway,14.076,11.735
2021-09-28,Norway,11.43,11.486
2021-09-29,Norway,10.942,11.105
2021-09-30,Norway,9.346,10.403
2021-10-01,Norway,9.159,9.969
2021-10-02,Norway,5.63,9.69
2021-10-03,Norway,4.805,9.341
2021-10-04,Norway,12.331,9.092
2021-10-05,Norway,9.121,8.762
2021-10-06,Norway,9.234,8.518
2021-10-07,Norway,8.427,8.387
2021-10-08,Norway,8.371,8.274
2021-10-09,Norway,4.467,8.108
2021-10-10,Norway,4.561,8.073
2021-10-11,Norway,11.561,7.963
2021-10-12,Norway,8.615,7.891
2021-10-13,Norway,7.244,7.606
2021-10-14,Norway,7.038,7.408
2021-10-15,Norway,8.408,7.413
2021-10-16,Norway,5.443,7.553
2021-10-17,Norway,4.861,7.596
2021-10-18,Norway,14.001,7.944
2021-10-19,Norway,10.885,8.269
2021-10-20,Norway,13.419,9.151
2021-10-21,Norway,12.105,9.875
2021-10-22,Norway,14.114,10.69
2021-10-23,Norway,8.69,11.154
2021-10-24,Norway,9.422,11.805
2021-10-25,Norway,22.972,13.087
2021-10-26,Norway,19.8,14.36
2021-10-27,Norway,20.908,15.43
2021-10-28,Norway,21.452,16.765
2021-10-29,Norway,22.127,17.91
2021-10-30,Norway,11.355,18.291
2021-10-31,Norway,12.894,18.787
2021-11-01,Norway,37.067,20.8
2021-11-02,Norway,26.557,21.766
2021-11-03,Norway,31.005,23.208
2021-11-04,Norway,28.114,24.16
2021-11-05,Norway,27.345,24.905
2021-11-06,Norway,16.61,25.656
2021-11-07,Norway,17.98,26.382
2021-11-08,Norway,44.856,27.495
2021-11-09,Norway,32.9,28.401
2021-11-10,Norway,36.898,29.243
2021-11-11,Norway,33.276,29.981
2021-11-12,Norway,33.632,30.879
2021-11-13,Norway,20.42,31.423
2021-11-14,Norway,19.913,31.699
2021-11-15,Norway,53.695,32.962
2021-11-16,Norway,40.164,34.0
2021-11-17,Norway,45.681,35.254
2021-11-18,Norway,43.823,36.761
2021-11-19,Norway,41.703,37.914
2021-11-20,Norway,25.862,38.692
2021-11-21,Norway,25.356,39.469
2021-11-22,Norway,66.326,41.274
2021-11-23,Norway,52.55,43.043
2021-11-24,Norway,55.159,44.397
2021-11-25,Norway,52.963,45.703
2021-11-26,Norway,51.199,47.059
2021-11-27,Norway,33.707,48.18
2021-11-28,Norway,34.627,49.505
2021-11-29,Norway,87.984,52.599
2021-11-30,Norway,71.093,55.248
2021-12-01,Norway,76.442,58.288
2021-12-02,Norway,78.563,61.945
2021-12-03,Norway,80.571,66.141
2021-12-04,Norway,50.317,68.514
2021-12-05,Norway,54.39,71.337
2021-12-06,Norway,121.485,76.123
2021-12-07,Norway,103.543,80.759
2021-12-08,Norway,99.658,84.075
2021-12-09,Norway,99.489,87.065
2021-12-10,Norway,97.293,89.454
2021-12-11,Norway,59.42,90.754
2021-12-12,Norway,60.283,91.596
2021-12-13,Norway,124.732,92.06
2021-12-14,Norway,97.594,91.21
2021-12-15,Norway,94.291,90.443
2021-12-16,Norway,87.403,88.716
2021-12-17,Norway,79.802,86.218
2021-12-18,Norway,51.593,85.1
2021-12-19,Norway,48.909,83.475
2021-12-20,Norway,100.709,80.043
2021-12-21,Norway,78.338,77.292
2021-12-22,Norway,69.254,73.715
2021-12-23,Norway,62.929,70.219
2021-12-24,Norway,33.426,63.594
2021-12-25,Norway,38.024,61.656
2021-12-26,Norway,45.775,61.208
2021-12-27,Norway,90.049,59.685
2021-12-28,Norway,75.391,59.264
2021-12-29,Norway,78.3,60.556
2021-12-30,Norway,78.694,62.809
2021-12-31,Norway,53.17,65.629
2022-01-01,Norway,48.609,67.141
2022-01-02,Norway,76.123,71.477
2022-01-03,Norway,171.634,83.132
2022-01-04,Norway,150.444,93.854
2022-01-05,Norway,132.258,101.562
2022-01-06,Norway,116.737,106.996
2022-01-07,Norway,119.665,116.496
2022-01-08,Norway,83.236,121.443
2022-01-09,Norway,97.181,124.451
2022-01-10,Norway,227.844,132.481
2022-01-11,Norway,204.89,140.259
2022-01-12,Norway,209.019,151.225
2022-01-13,Norway,204.271,163.73
2022-01-14,Norway,213.017,177.066
2022-01-15,Norway,145.415,185.948
2022-01-16,Norway,162.212,195.238
2022-01-17,Norway,390.769,218.513
2022-01-18,Norway,347.978,238.954
2022-01-19,Norway,340.752,257.773
2022-01-20,Norway,343.079,277.603
2022-01-21,Norway,348.316,296.932
2022-01-22,Norway,230.284,309.056
2022-01-23,Norway,241.526,320.386
2022-01-24,Norway,532.374,340.615
2022-01-25,Norway,442.756,354.155
2022-01-26,Norway,414.586,364.703
2022-01-27,Norway,377.143,369.569
2022-01-28,Norway,356.649,370.76
2022-01-29,Norway,202.319,366.765
2022-01-30,Norway,216.733,363.223
2022-01-31,Norway,523.008,361.885
2022-02-01,Norway,440.485,361.561
2022-02-02,Norway,382.098,356.92
2022-02-03,Norway,329.078,350.053
2022-02-04,Norway,326.976,345.814
2022-02-05,Norway,205.848,346.318
2022-02-06,Norway,208.363,345.122
2022-02-07,Norway,553.263,349.444
2022-02-08,Norway,478.96,354.941
2022-02-09,Norway,450.752,364.748
2022-02-10,Norway,411.677,376.548
2022-02-11,Norway,385.458,384.903
2022-02-12,Norway,172.534,380.144
2022-02-13,Norway,146.991,371.376
2022-02-14,Norway,380.484,346.694
2022-02-15,Norway,312.807,322.957
2022-02-16,Norway,322.641,304.656
2022-02-17,Norway,297.041,288.279
2022-02-18,Norway,294.658,275.308
2022-02-19,Norway,144.514,271.305
2022-02-20,Norway,141.455,270.514
2022-02-21,Norway,416.969,275.726
2022-02-22,Norway,344.13,280.201
2022-02-23,Norway,340.452,282.746
2022-02-24,Norway,287.939,281.445
2022-02-25,Norway,272.981,278.349
2022-02-26,Norway,116.549,274.354
2022-02-27,Norway,116.137,270.737
2022-02-28,Norway,329.322,258.216
2022-03-01,Norway,234.0,242.483
2022-03-02,Norway,208.363,223.613
2022-03-03,Norway,166.96,206.33
2022-03-04,Norway,155.606,189.562
2022-03-05,Norway,69.855,182.892
2022-03-06,Norway,63.755,175.409
2022-03-07,Norway,218.103,159.52
2022-03-08,Norway,141.849,146.356
2022-03-09,Norway,134.905,135.862
2022-03-10,Norway,109.718,127.684
2022-03-11,Norway,101.066,119.893
2022-03-12,Norway,41.44,115.834
2022-03-13,Norway,42.341,112.774
2022-03-14,Norway,138.47,101.398
2022-03-15,Norway,86.858,93.543
2022-03-16,Norway,85.732,86.518
2022-03-17,Norway,70.887,80.971
2022-03-18,Norway,65.05,75.825
2022-03-19,Norway,29.578,74.131
2022-03-20,Norway,24.192,71.538
2022-03-21,Norway,88.153,64.35
2022-03-22,Norway,56.36,59.993
2022-03-23,Norway,60.902,56.446
2022-03-24,Norway,46.826,53.009
2022-03-25,Norway,42.998,49.859
2022-03-26,Norway,18.524,48.279
2022-03-27,Norway,15.315,47.011
2022-03-28,Norway,53.414,42.048
2022-03-29,Norway,32.713,38.67
2022-03-30,Norway,36.935,35.246
2022-03-31,Norway,27.383,32.469
2022-04-01,Norway,26.988,30.182
2022-04-02,Norway,10.304,29.007
2022-04-03,Norway,9.572,28.187
2022-04-04,Norway,34.533,25.49
2022-04-05,Norway,23.479,24.171
2022-04-06,Norway,22.916,22.168
2022-04-07,Norway,17.135,20.704
2022-04-08,Norway,17.792,19.39
2022-04-09,Norway,7.32,18.964
2022-04-10,Norway,6.212,18.484
2022-04-11,Norway,21.752,16.658
2022-04-12,Norway,13.663,15.256
2022-04-13,Norway,10.585,13.494
2022-04-14,Norway,5.687,11.859
2022-04-15,Norway,6.081,10.186
2022-04-16,Norway,6.531,10.073
2022-04-17,Norway,4.11,9.773
2022-04-18,Norway,8.877,7.934
2022-04-19,Norway,21.396,9.038
2022-04-20,Norway,14.132,9.545
2022-04-21,Norway,10.717,10.263
2022-04-22,Norway,10.304,10.867
2022-04-23,Norway,2.947,10.355
2022-04-24,Norway,2.515,10.127
2022-04-25,Norway,11.636,10.521
2022-04-26,Norway,6.606,8.408
2022-04-27,Norway,7.676,7.486
2022-04-28,Norway,6.381,6.866
2022-04-29,Norway,6.456,6.317
2022-04-30,Norway,2.008,6.183
2022-05-01,Norway,1.614,6.054
2022-05-02,Norway,8.727,5.638
2022-05-03,Norway,6.25,5.588
2022-05-04,Norway,5.593,5.29
2022-05-05,Norway,5.424,5.153
2022-05-06,Norway,5.987,5.086
2022-05-07,Norway,1.689,5.041
2022-05-08,Norway,1.633,5.043
2022-05-09,Norway,8.633,5.03
2022-05-10,Norway,5.461,4.917
2022-05-11,Norway,5.762,4.941
2022-05-12,Norway,5.199,4.909
2022-05-13,Norway,5.461,4.834
2022-05-14,Norway,1.614,4.823
2022-05-15,Norway,1.182,4.759
2022-05-16,Norway,7.451,4.59
2022-05-17,Norway,0.845,3.931
2022-05-18,Norway,6.963,4.102
2022-05-19,Norway,5.349,4.124
2022-05-20,Norway,5.518,4.132
2022-05-21,Norway,1.689,4.142
2022-05-22,Norway,1.389,4.172
2022-05-23,Norway,7.939,4.242
2022-05-24,Norway,5.368,4.888
2022-05-25,Norway,5.687,4.705
2022-05-26,Norway,1.501,4.156
2022-05-27,Norway,6.269,4.263
2022-05-28,Norway,1.483,4.234
2022-05-29,Norway,1.539,4.255
2022-05-30,Norway,8.896,4.392
2022-05-31,Norway,5.649,4.432
2022-06-01,Norway,5.931,4.467
2022-06-02,Norway,5.687,5.065
2022-06-03,Norway,5.743,4.99
2022-06-04,Norway,1.745,5.027
2022-06-05,Norway,1.426,5.011
2022-06-06,Norway,2.29,4.067
2022-06-07,Norway,9.647,4.638
2022-06-08,Norway,7.939,4.925
2022-06-09,Norway,7.226,5.145
2022-06-10,Norway,7.901,5.453
2022-06-11,Norway,2.233,5.523
2022-06-12,Norway,2.421,5.665
2022-06-13,Norway,10.923,6.899
2022-06-14,Norway,8.371,6.716
2022-06-15,Norway,9.609,6.955
2022-06-16,Norway,10.36,7.403
2022-06-17,Norway,11.918,7.976
2022-06-18,Norway,3.115,8.102
2022-06-19,Norway,3.266,8.223
2022-06-20,Norway,17.642,9.183
2022-06-21,Norway,14.038,9.993
2022-06-22,Norway,16.422,10.966
2022-06-23,Norway,14.207,11.516
2022-06-24,Norway,15.315,12.001
2022-06-25,Norway,4.579,12.21
2022-06-26,Norway,4.223,12.347
2022-06-27,Norway,18.618,12.486
2022-06-28,Norway,14.189,12.508
2022-06-29,Norway,12.837,11.995
2022-06-30,Norway,11.148,11.558
2022-07-01,Norway,8.502,10.585
2022-07-02,Norway,3.81,10.475
2022-07-03,Norway,2.928,10.29
2022-07-04,Norway,9.253,8.952
2022-07-05,Norway,8.108,8.084
2022-07-06,Norway,7.807,7.365
2022-07-07,Norway,7.113,6.789
2022-07-08,Norway,6.85,6.553
2022-07-09,Norway,2.496,6.365
2022-07-10,Norway,2.44,6.295
2022-07-11,Norway,7.826,6.092
2022-07-12,Norway,6.55,5.869
2022-07-13,Norway,6.175,5.636
2022-07-14,Norway,5.537,5.411
2022-07-15,Norway,6.156,5.311
2022-07-16,Norway,2.609,5.327
2022-07-17,Norway,2.402,5.322
2022-07-18,Norway,6.663,5.156
2022-07-19,Norway,5.593,5.019
2022-07-20,Norway,4.936,4.842
2022-07-21,Norway,4.636,4.713
2022-07-22,Norway,4.504,4.478
2022-07-23,Norway,2.046,4.397
2022-07-24,Norway,1.577,4.279
2022-07-25,Norway,5.105,4.057
2022-07-26,Norway,4.561,3.909
2022-07-27,Norway,3.885,3.759
2022-07-28,Norway,3.866,3.649
2022-07-29,Norway,3.641,3.526
2022-07-30,Norway,2.14,3.539
2022-07-31,Norway,1.877,3.582
2022-08-01,Norway,4.523,3.499
2022-08-02,Norway,3.81,3.392
2022-08-03,Norway,3.847,3.386
2022-08-04,Norway,2.984,3.26
2022-08-05,Norway,3.341,3.217
2022-08-06,Norway,1.164,3.078
2022-08-07,Norway,1.745,3.059
2022-08-08,Norway,4.073,2.995
2022-08-09,Norway,3.791,2.992
2022-08-10,Norway,3.697,2.971
2022-08-11,Norway,3.134,2.992
2022-08-12,Norway,3.134,2.963
2022-08-13,Norway,1.408,2.998
2022-08-14,Norway,1.483,2.96
2022-08-15,Norway,3.528,2.882
2022-08-16,Norway,2.59,2.711
2022-08-17,Norway,2.684,2.566
2022-08-18,Norway,2.552,2.483
2022-08-19,Norway,2.44,2.384
2022-08-20,Norway,0.938,2.317
2022-08-21,Norway,1.22,2.279
2022-08-22,Norway,2.684,2.158
2022-08-23,Norway,2.459,2.14
2022-08-24,Norway,2.365,2.094
2022-08-25,Norway,2.046,2.022
2022-08-26,Norway,2.064,1.968
2022-08-27,Norway,1.032,1.981
2022-08-28,Norway,1.201,1.979
2022-08-29,Norway,2.609,1.968
2022-08-30,Norway,1.764,1.869
2022-08-31,Norway,2.327,1.863
2022-09-01,Norway,2.046,1.863
2022-09-02,Norway,1.896,1.839
2022-09-03,Norway,0.732,1.796
2022-09-04,Norway,0.732,1.729
2022-09-05,Norway,2.233,1.676
2022-09-06,Norway,1.802,1.681
2022-09-07,Norway,1.501,1.563
2022-09-08,Norway,1.614,1.501
2022-09-09,Norway,1.501,1.445
2022-09-10,Norway,0.826,1.459
2022-09-11,Norway,0.676,1.45
2022-09-12,Norway,1.745,1.381
2022-09-13,Norway,0.882,1.249
2020-03-01,Serbia,0.0,0.0
2020-03-02,Serbia,0.0,0.0
2020-03-03,Serbia,0.0,0.0
2020-03-04,Serbia,0.014,0.004
2020-03-05,Serbia,0.0,0.003
2020-03-06,Serbia,0.0,0.002
2020-03-07,Serbia,0.0,0.002
2020-03-08,Serbia,0.014,0.004
2020-03-09,Serbia,0.029,0.008
2020-03-10,Serbia,0.115,0.025
2020-03-11,Serbia,0.0,0.023
2020-03-12,Serbia,0.029,0.027
2020-03-13,Serbia,0.46,0.092
2020-03-14,Serbia,0.0,0.092
2020-03-15,Serbia,0.0,0.09
2020-03-16,Serbia,0.373,0.139
2020-03-17,Serbia,0.316,0.168
2020-03-18,Serbia,0.416,0.228
2020-03-19,Serbia,0.718,0.326
2020-03-20,Serbia,0.661,0.355
2020-03-21,Serbia,0.043,0.361
2020-03-22,Serbia,0.388,0.416
2020-03-23,Serbia,1.939,0.64
2020-03-24,Serbia,0.0,0.595
2020-03-25,Serbia,1.048,0.685
2020-03-26,Serbia,1.02,0.728
2020-03-27,Serbia,1.881,0.903
2020-03-28,Serbia,1.178,1.065
2020-03-29,Serbia,0.632,1.1
2020-03-30,Serbia,1.651,1.059
2020-03-31,Serbia,2.298,1.387
2020-04-01,Serbia,1.594,1.465
2020-04-02,Serbia,4.38,1.945
2020-04-03,Serbia,2.125,1.98
2020-04-04,Serbia,4.078,2.394
2020-04-05,Serbia,4.193,2.903
2020-04-06,Serbia,3.547,3.174
2020-04-07,Serbia,3.145,3.295
2020-04-08,Serbia,2.886,3.479
2020-04-09,Serbia,3.418,3.342
2020-04-10,Serbia,3.949,3.602
2020-04-11,Serbia,3.59,3.533
2020-04-12,Serbia,6.089,3.803
2020-04-13,Serbia,5.902,4.14
2020-04-14,Serbia,5.859,4.528
2020-04-15,Serbia,6.39,5.028
2020-04-16,Serbia,5.342,5.303
2020-04-17,Serbia,4.365,5.362
2020-04-18,Serbia,4.653,5.514
2020-04-19,Serbia,4.48,5.284
2020-04-20,Serbia,3.734,4.975
2020-04-21,Serbia,3.217,4.597
2020-04-22,Serbia,2.326,4.017
2020-04-23,Serbia,2.973,3.678
2020-04-24,Serbia,4.251,3.662
2020-04-25,Serbia,3.777,3.537
2020-04-26,Serbia,3.346,3.375
2020-04-27,Serbia,3.188,3.297
2020-04-28,Serbia,3.26,3.303
2020-04-29,Serbia,4.093,3.555
2020-04-30,Serbia,2.815,3.533
2020-05-01,Serbia,2.255,3.247
2020-05-02,Serbia,1.465,2.917
2020-05-03,Serbia,1.335,2.63
2020-05-04,Serbia,1.723,2.421
2020-05-05,Serbia,1.637,2.189
2020-05-06,Serbia,0.819,1.721
2020-05-07,Serbia,1.364,1.514
2020-05-08,Serbia,1.278,1.374
2020-05-09,Serbia,1.178,1.333
2020-05-10,Serbia,0.89,1.27
2020-05-11,Serbia,0.962,1.161
2020-05-12,Serbia,0.747,1.034
2020-05-13,Serbia,1.134,1.079
2020-05-14,Serbia,0.919,1.015
2020-05-15,Serbia,0.833,0.952
2020-05-16,Serbia,1.637,1.018
2020-05-17,Serbia,1.278,1.073
2020-05-18,Serbia,0.488,1.005
2020-05-19,Serbia,1.436,1.104
2020-05-20,Serbia,1.235,1.118
2020-05-21,Serbia,1.508,1.202
2020-05-22,Serbia,0.976,1.223
2020-05-23,Serbia,0.962,1.126
2020-05-24,Serbia,0.488,1.013
2020-05-25,Serbia,0.488,1.013
2020-05-26,Serbia,0.689,0.907
2020-05-27,Serbia,0.359,0.782
2020-05-28,Serbia,0.775,0.677
2020-05-29,Serbia,0.388,0.593
2020-05-30,Serbia,0.445,0.519
2020-05-31,Serbia,0.258,0.486
2020-06-01,Serbia,0.345,0.466
2020-06-02,Serbia,0.991,0.509
2020-06-03,Serbia,0.689,0.556
2020-06-04,Serbia,1.379,0.642
2020-06-05,Serbia,1.063,0.739
2020-06-06,Serbia,1.178,0.843
2020-06-07,Serbia,1.048,0.956
2020-06-08,Serbia,0.991,1.048
2020-06-09,Serbia,0.948,1.042
2020-06-10,Serbia,1.02,1.089
2020-06-11,Serbia,1.048,1.042
2020-06-12,Serbia,1.091,1.046
2020-06-13,Serbia,0.847,0.999
2020-06-14,Serbia,0.819,0.966
2020-06-15,Serbia,0.847,0.946
2020-06-16,Serbia,1.379,1.007
2020-06-17,Serbia,1.35,1.054
2020-06-18,Serbia,1.335,1.095
2020-06-19,Serbia,1.35,1.132
2020-06-20,Serbia,1.307,1.198
2020-06-21,Serbia,1.379,1.278
2020-06-22,Serbia,1.465,1.366
2020-06-23,Serbia,2.053,1.463
2020-06-24,Serbia,1.967,1.551
2020-06-25,Serbia,2.771,1.756
2020-06-26,Serbia,3.26,2.029
2020-06-27,Serbia,3.647,2.363
2020-06-28,Serbia,3.475,2.663
2020-06-29,Serbia,3.963,3.02
2020-06-30,Serbia,3.906,3.284
2020-07-01,Serbia,5.155,3.74
2020-07-02,Serbia,4.437,3.978
2020-07-03,Serbia,4.667,4.179
2020-07-04,Serbia,4.337,4.277
2020-07-05,Serbia,4.15,4.374
2020-07-06,Serbia,4.294,4.421
2020-07-07,Serbia,5.127,4.595
2020-07-08,Serbia,3.82,4.404
2020-07-09,Serbia,5.543,4.562
2020-07-10,Serbia,4.954,4.603
2020-07-11,Serbia,4.121,4.573
2020-07-12,Serbia,4.006,4.552
2020-07-13,Serbia,4.94,4.644
2020-07-14,Serbia,5.04,4.632
2020-07-15,Serbia,5.5,4.872
2020-07-16,Serbia,5.629,4.884
2020-07-17,Serbia,5.586,4.975
2020-07-18,Serbia,5.687,5.198
2020-07-19,Serbia,5.155,5.362
2020-07-20,Serbia,5.055,5.379
2020-07-21,Serbia,6.117,5.533
2020-07-22,Serbia,5.916,5.592
2020-07-23,Serbia,5.873,5.627
2020-07-24,Serbia,5.902,5.672
2020-07-25,Serbia,6.706,5.818
2020-07-26,Serbia,5.902,5.925
2020-07-27,Serbia,5.442,5.98
2020-07-28,Serbia,5.342,5.869
2020-07-29,Serbia,4.61,5.682
2020-07-30,Serbia,4.868,5.539
2020-07-31,Serbia,4.739,5.373
2020-08-01,Serbia,4.466,5.053
2020-08-02,Serbia,3.705,4.739
2020-08-03,Serbia,4.121,4.55
2020-08-04,Serbia,4.236,4.392
2020-08-05,Serbia,4.294,4.347
2020-08-06,Serbia,3.963,4.218
2020-08-07,Serbia,3.662,4.064
2020-08-08,Serbia,3.389,3.91
2020-08-09,Serbia,2.341,3.715
2020-08-10,Serbia,3.375,3.608
2020-08-11,Serbia,3.647,3.524
2020-08-12,Serbia,3.547,3.418
2020-08-13,Serbia,3.375,3.334
2020-08-14,Serbia,3.418,3.299
2020-08-15,Serbia,3.03,3.247
2020-08-16,Serbia,1.436,3.118
2020-08-17,Serbia,1.551,2.858
2020-08-18,Serbia,2.269,2.661
2020-08-19,Serbia,2.312,2.484
2020-08-20,Serbia,2.427,2.349
2020-08-21,Serbia,2.441,2.209
2020-08-22,Serbia,1.565,2.0
2020-08-23,Serbia,0.819,1.912
2020-08-24,Serbia,1.522,1.908
2020-08-25,Serbia,2.211,1.9
2020-08-26,Serbia,1.795,1.826
2020-08-27,Serbia,1.551,1.701
2020-08-28,Serbia,1.077,1.506
2020-08-29,Serbia,1.192,1.452
2020-08-30,Serbia,0.589,1.42
2020-08-31,Serbia,1.091,1.358
2020-09-01,Serbia,1.422,1.245
2020-09-02,Serbia,1.364,1.184
2020-09-03,Serbia,1.379,1.159
2020-09-04,Serbia,1.106,1.163
2020-09-05,Serbia,0.804,1.108
2020-09-06,Serbia,0.517,1.098
2020-09-07,Serbia,0.761,1.05
2020-09-08,Serbia,1.206,1.02
2020-09-09,Serbia,0.833,0.944
2020-09-10,Serbia,1.321,0.935
2020-09-11,Serbia,1.034,0.925
2020-09-12,Serbia,1.551,1.032
2020-09-13,Serbia,0.416,1.018
2020-09-14,Serbia,1.063,1.061
2020-09-15,Serbia,1.465,1.098
2020-09-16,Serbia,1.178,1.147
2020-09-17,Serbia,0.89,1.085
2020-09-18,Serbia,1.192,1.108
2020-09-19,Serbia,0.976,1.026
2020-09-20,Serbia,0.431,1.028
2020-09-21,Serbia,0.876,1.001
2020-09-22,Serbia,1.163,0.958
2020-09-23,Serbia,1.192,0.96
2020-09-24,Serbia,1.077,0.987
2020-09-25,Serbia,1.063,0.968
2020-09-26,Serbia,1.034,0.976
2020-09-27,Serbia,0.431,0.976
2020-09-28,Serbia,0.933,0.985
2020-09-29,Serbia,1.034,0.966
2020-09-30,Serbia,1.594,1.024
2020-10-01,Serbia,1.048,1.02
2020-10-02,Serbia,1.537,1.087
2020-10-03,Serbia,0.847,1.061
2020-10-04,Serbia,0.732,1.104
2020-10-05,Serbia,1.723,1.217
2020-10-06,Serbia,1.738,1.317
2020-10-07,Serbia,2.168,1.399
2020-10-08,Serbia,2.484,1.604
2020-10-09,Serbia,2.412,1.729
2020-10-10,Serbia,1.465,1.818
2020-10-11,Serbia,0.962,1.85
2020-10-12,Serbia,2.183,1.916
2020-10-13,Serbia,3.518,2.17
2020-10-14,Serbia,2.915,2.277
2020-10-15,Serbia,3.805,2.466
2020-10-16,Serbia,3.26,2.587
2020-10-17,Serbia,3.073,2.817
2020-10-18,Serbia,1.752,2.929
2020-10-19,Serbia,4.681,3.286
2020-10-20,Serbia,7.352,3.834
2020-10-21,Serbia,5.974,4.271
2020-10-22,Serbia,8.314,4.915
2020-10-23,Serbia,10.871,6.003
2020-10-24,Serbia,8.817,6.823
2020-10-25,Serbia,4.897,7.272
2020-10-26,Serbia,15.121,8.764
2020-10-27,Serbia,19.07,10.438
2020-10-28,Serbia,19.874,12.423
2020-10-29,Serbia,22.186,14.405
2020-10-30,Serbia,26.092,16.58
2020-10-31,Serbia,20.808,18.293
2020-11-01,Serbia,11.517,19.238
2020-11-02,Serbia,26.968,20.931
2020-11-03,Serbia,34.636,23.155
2020-11-04,Serbia,31.319,24.79
2020-11-05,Serbia,32.77,26.301
2020-11-06,Serbia,38.442,28.066
2020-11-07,Serbia,30.328,29.426
2020-11-08,Serbia,18.927,30.484
2020-11-09,Serbia,40.538,32.423
2020-11-10,Serbia,50.777,34.729
2020-11-11,Serbia,47.977,37.108
2020-11-12,Serbia,50.246,39.605
2020-11-13,Serbia,54.884,41.954
2020-11-14,Serbia,50.002,44.764
2020-11-15,Serbia,40.395,47.831
2020-11-16,Serbia,71.714,52.285
2020-11-17,Serbia,80.603,56.546
2020-11-18,Serbia,87.726,62.224
2020-11-19,Serbia,89.808,67.876
2020-11-20,Serbia,82.915,71.88
2020-11-21,Serbia,71.728,74.984
2020-11-22,Serbia,72.762,79.608
2020-11-23,Serbia,98.251,83.399
2020-11-24,Serbia,108.835,87.432
2020-11-25,Serbia,109.223,90.503
2020-11-26,Serbia,111.721,93.634
2020-11-27,Serbia,101.109,96.233
2020-11-28,Serbia,88.731,98.662
2020-11-29,Serbia,89.377,101.035
2020-11-30,Serbia,114.866,103.409
2020-12-01,Serbia,113.717,104.106
2020-12-02,Serbia,112.037,104.508
2020-12-03,Serbia,111.75,104.512
2020-12-04,Serbia,99.127,104.229
2020-12-05,Serbia,83.418,103.47
2020-12-06,Serbia,94.159,104.153
2020-12-07,Serbia,112.267,103.782
2020-12-08,Serbia,112.066,103.546
2020-12-09,Serbia,106.164,102.707
2020-12-10,Serbia,93.829,100.147
2020-12-11,Serbia,81.551,97.636
2020-12-12,Serbia,71.728,95.966
2020-12-13,Serbia,70.824,92.633
2020-12-14,Serbia,84.495,88.665
2020-12-15,Serbia,76.869,83.637
2020-12-16,Serbia,73.653,78.993
2020-12-17,Serbia,70.508,75.661
2020-12-18,Serbia,55.832,71.987
2020-12-19,Serbia,50.748,68.99
2020-12-20,Serbia,52.917,66.432
2020-12-21,Serbia,58.589,62.731
2020-12-22,Serbia,63.558,60.829
2020-12-23,Serbia,58.747,58.7
2020-12-24,Serbia,54.898,56.47
2020-12-25,Serbia,45.952,55.058
2020-12-26,Serbia,38.672,53.333
2020-12-27,Serbia,36.747,51.023
2020-12-28,Serbia,45.033,49.087
2020-12-29,Serbia,46.469,46.646
2020-12-30,Serbia,42.104,44.268
2020-12-31,Serbia,29.783,40.68
2021-01-01,Serbia,27.385,38.027
2021-01-02,Serbia,28.232,36.536
2021-01-03,Serbia,38.988,36.856
2021-01-04,Serbia,38.097,35.865
2021-01-05,Serbia,41.386,35.139
2021-01-06,Serbia,25.661,32.79
2021-01-07,Serbia,31.851,33.086
2021-01-08,Serbia,25.403,32.802
2021-01-09,Serbia,25.776,32.452
2021-01-10,Serbia,30.056,31.176
2021-01-11,Serbia,30.759,30.127
2021-01-12,Serbia,32.554,28.866
2021-01-13,Serbia,27.011,29.059
2021-01-14,Serbia,25.144,28.101
2021-01-15,Serbia,20.004,27.329
2021-01-16,Serbia,18.912,26.349
2021-01-17,Serbia,22.66,25.292
2021-01-18,Serbia,24.24,24.361
2021-01-19,Serbia,23.637,23.087
2021-01-20,Serbia,23.665,22.609
2021-01-21,Serbia,24.541,22.523
2021-01-22,Serbia,21.296,22.707
2021-01-23,Serbia,18.927,22.709
2021-01-24,Serbia,21.87,22.597
2021-01-25,Serbia,29.869,23.401
2021-01-26,Serbia,26.408,23.797
2021-01-27,Serbia,22.861,23.682
2021-01-28,Serbia,24.656,23.698
2021-01-29,Serbia,22.158,23.821
2021-01-30,Serbia,19.616,23.92
2021-01-31,Serbia,24.972,24.363
2021-02-01,Serbia,27.327,24.0
2021-02-02,Serbia,27.744,24.191
2021-02-03,Serbia,26.753,24.746
2021-02-04,Serbia,28.261,25.261
2021-02-05,Serbia,24.182,25.551
2021-02-06,Serbia,21.957,25.885
2021-02-07,Serbia,28.146,26.338
2021-02-08,Serbia,28.921,26.566
2021-02-09,Serbia,29.984,26.886
2021-02-10,Serbia,28.72,27.167
2021-02-11,Serbia,27.686,27.085
2021-02-12,Serbia,23.292,26.958
2021-02-13,Serbia,19.903,26.665
2021-02-14,Serbia,19.113,25.374
2021-02-15,Serbia,25.992,24.956
2021-02-16,Serbia,35.426,25.733
2021-02-17,Serbia,36.776,26.884
2021-02-18,Serbia,37.796,28.328
2021-02-19,Serbia,35.067,30.01
2021-02-20,Serbia,36.159,32.333
2021-02-21,Serbia,42.448,35.666
2021-02-22,Serbia,46.771,38.635
2021-02-23,Serbia,49.686,40.672
2021-02-24,Serbia,51.524,42.779
2021-02-25,Serbia,47.948,44.229
2021-02-26,Serbia,46.096,45.804
2021-02-27,Serbia,40.337,46.401
2021-02-28,Serbia,49.815,47.454
2021-03-01,Serbia,59.695,49.3
2021-03-02,Serbia,58.244,50.523
2021-03-03,Serbia,55.516,51.093
2021-03-04,Serbia,58.46,52.595
2021-03-05,Serbia,50.533,53.229
2021-03-06,Serbia,43.683,53.707
2021-03-07,Serbia,58.747,54.983
2021-03-08,Serbia,65.712,55.842
2021-03-09,Serbia,65.913,56.938
2021-03-10,Serbia,65.984,58.433
2021-03-11,Serbia,67.033,59.658
2021-03-12,Serbia,58.761,60.833
2021-03-13,Serbia,60.686,63.262
2021-03-14,Serbia,66.544,64.376
2021-03-15,Serbia,74.687,65.658
2021-03-16,Serbia,78.205,67.414
2021-03-17,Serbia,76.769,68.955
2021-03-18,Serbia,76.18,70.262
2021-03-19,Serbia,67.306,71.482
2021-03-20,Serbia,60.772,71.495
2021-03-21,Serbia,68.483,71.772
2021-03-22,Serbia,78.621,72.334
2021-03-23,Serbia,76.065,72.028
2021-03-24,Serbia,75.046,71.782
2021-03-25,Serbia,75.031,71.618
2021-03-26,Serbia,64.577,71.228
2021-03-27,Serbia,55.846,70.524
2021-03-28,Serbia,64.793,69.997
2021-03-29,Serbia,78.564,69.989
2021-03-30,Serbia,73.337,69.599
2021-03-31,Serbia,69.072,68.746
2021-04-01,Serbia,69.302,67.927
2021-04-02,Serbia,59.35,67.18
2021-04-03,Serbia,47.446,65.98
2021-04-04,Serbia,53.218,64.327
2021-04-05,Serbia,63.156,62.126
2021-04-06,Serbia,51.912,59.065
2021-04-07,Serbia,52.055,56.634
2021-04-08,Serbia,48.896,53.719
2021-04-09,Serbia,43.913,51.514
2021-04-10,Serbia,39.232,50.34
2021-04-11,Serbia,42.578,48.82
2021-04-12,Serbia,51.294,47.126
2021-04-13,Serbia,45.292,46.18
2021-04-14,Serbia,42.664,44.838
2021-04-15,Serbia,40.869,43.691
2021-04-16,Serbia,37.092,42.717
2021-04-17,Serbia,29.711,41.357
2021-04-18,Serbia,37.394,40.616
2021-04-19,Serbia,42.578,39.371
2021-04-20,Serbia,41.127,38.776
2021-04-21,Serbia,39.045,38.259
2021-04-22,Serbia,34.234,37.312
2021-04-23,Serbia,29.697,36.255
2021-04-24,Serbia,24.34,35.488
2021-04-25,Serbia,28.533,34.222
2021-04-26,Serbia,30.802,32.54
2021-04-27,Serbia,30.702,31.051
2021-04-28,Serbia,28.821,29.59
2021-04-29,Serbia,23.163,28.008
2021-04-30,Serbia,19.731,26.585
2021-05-01,Serbia,14.202,25.136
2021-05-02,Serbia,17.936,23.622
2021-05-03,Serbia,18.726,21.897
2021-05-04,Serbia,20.133,20.387
2021-05-05,Serbia,19.616,19.072
2021-05-06,Serbia,18.338,18.383
2021-05-07,Serbia,15.164,17.731
2021-05-08,Serbia,11.976,17.413
2021-05-09,Serbia,13.183,16.734
2021-05-10,Serbia,16.155,16.366
2021-05-11,Serbia,15.021,15.636
2021-05-12,Serbia,12.938,14.682
2021-05-13,Serbia,11.301,13.677
2021-05-14,Serbia,10.124,12.957
2021-05-15,Serbia,8.157,12.411
2021-05-16,Serbia,8.257,11.708
2021-05-17,Serbia,9.851,10.807
2021-05-18,Serbia,8.745,9.91
2021-05-19,Serbia,7.898,9.19
2021-05-20,Serbia,5.615,8.378
2021-05-21,Serbia,5.801,7.761
2021-05-22,Serbia,3.82,7.141
2021-05-23,Serbia,5.399,6.733
2021-05-24,Serbia,5.945,6.175
2021-05-25,Serbia,5.557,5.719
2021-05-26,Serbia,4.681,5.26
2021-05-27,Serbia,4.739,5.135
2021-05-28,Serbia,3.935,4.868
2021-05-29,Serbia,2.556,4.688
2021-05-30,Serbia,3.561,4.425
2021-05-31,Serbia,3.303,4.047
2021-06-01,Serbia,4.121,3.842
2021-06-02,Serbia,3.13,3.621
2021-06-03,Serbia,3.016,3.375
2021-06-04,Serbia,2.082,3.11
2021-06-05,Serbia,1.666,2.983
2021-06-06,Serbia,2.326,2.806
2021-06-07,Serbia,3.073,2.774
2021-06-08,Serbia,2.843,2.591
2021-06-09,Serbia,3.016,2.575
2021-06-10,Serbia,2.47,2.497
2021-06-11,Serbia,1.709,2.443
2021-06-12,Serbia,1.982,2.488
2021-06-13,Serbia,1.781,2.41
2021-06-14,Serbia,1.896,2.242
2021-06-15,Serbia,2.298,2.164
2021-06-16,Serbia,1.939,2.01
2021-06-17,Serbia,2.326,1.99
2021-06-18,Serbia,1.278,1.928
2021-06-19,Serbia,0.862,1.768
2021-06-20,Serbia,1.264,1.694
2021-06-21,Serbia,1.034,1.571
2021-06-22,Serbia,1.479,1.454
2021-06-23,Serbia,1.149,1.342
2021-06-24,Serbia,1.091,1.165
2021-06-25,Serbia,0.948,1.118
2021-06-26,Serbia,0.905,1.124
2021-06-27,Serbia,1.206,1.116
2021-06-28,Serbia,1.048,1.118
2021-06-29,Serbia,1.493,1.12
2021-06-30,Serbia,1.163,1.122
2021-07-01,Serbia,1.063,1.118
2021-07-02,Serbia,1.134,1.145
2021-07-03,Serbia,1.106,1.173
2021-07-04,Serbia,1.58,1.227
2021-07-05,Serbia,1.58,1.303
2021-07-06,Serbia,1.479,1.301
2021-07-07,Serbia,1.393,1.333
2021-07-08,Serbia,1.58,1.407
2021-07-09,Serbia,1.106,1.403
2021-07-10,Serbia,0.991,1.387
2021-07-11,Serbia,1.694,1.403
2021-07-12,Serbia,2.082,1.475
2021-07-13,Serbia,1.795,1.52
2021-07-14,Serbia,2.24,1.641
2021-07-15,Serbia,2.958,1.838
2021-07-16,Serbia,2.384,2.021
2021-07-17,Serbia,1.795,2.136
2021-07-18,Serbia,3.26,2.359
2021-07-19,Serbia,2.714,2.449
2021-07-20,Serbia,3.274,2.661
2021-07-21,Serbia,3.274,2.808
2021-07-22,Serbia,2.901,2.8
2021-07-23,Serbia,3.576,2.97
2021-07-24,Serbia,2.858,3.122
2021-07-25,Serbia,3.461,3.151
2021-07-26,Serbia,4.164,3.358
2021-07-27,Serbia,4.768,3.572
2021-07-28,Serbia,4.193,3.703
2021-07-29,Serbia,5.069,4.013
2021-07-30,Serbia,4.279,4.113
2021-07-31,Serbia,4.351,4.326
2021-08-01,Serbia,5.543,4.624
2021-08-02,Serbia,6.089,4.899
2021-08-03,Serbia,6.993,5.217
2021-08-04,Serbia,8.314,5.806
2021-08-05,Serbia,8.099,6.238
2021-08-06,Serbia,8.386,6.825
2021-08-07,Serbia,6.563,7.141
2021-08-08,Serbia,10.799,7.892
2021-08-09,Serbia,11.373,8.647
2021-08-10,Serbia,13.226,9.537
2021-08-11,Serbia,14.116,10.366
2021-08-12,Serbia,15.394,11.408
2021-08-13,Serbia,14.432,12.272
2021-08-14,Serbia,11.732,13.01
2021-08-15,Serbia,18.496,14.11
2021-08-16,Serbia,21.31,15.529
2021-08-17,Serbia,21.497,16.711
2021-08-18,Serbia,23.78,18.092
2021-08-19,Serbia,22.861,19.158
2021-08-20,Serbia,21.684,20.194
2021-08-21,Serbia,17.835,21.066
2021-08-22,Serbia,26.379,22.192
2021-08-23,Serbia,31.822,23.694
2021-08-24,Serbia,33.416,25.397
2021-08-25,Serbia,35.24,27.034
2021-08-26,Serbia,34.952,28.761
2021-08-27,Serbia,33.229,30.41
2021-08-28,Serbia,24.728,31.395
2021-08-29,Serbia,33.531,32.417
2021-08-30,Serbia,42.807,33.986
2021-08-31,Serbia,48.049,36.077
2021-09-01,Serbia,50.605,38.272
2021-09-02,Serbia,52.026,40.711
2021-09-03,Serbia,50.217,43.138
2021-09-04,Serbia,40.208,45.349
2021-09-05,Serbia,58.919,48.976
2021-09-06,Serbia,72.791,53.259
2021-09-07,Serbia,80.89,57.951
2021-09-08,Serbia,83.733,62.684
2021-09-09,Serbia,87.438,67.743
2021-09-10,Serbia,78.42,71.772
2021-09-11,Serbia,71.843,76.291
2021-09-12,Serbia,89.736,80.693
2021-09-13,Serbia,110.903,86.138
2021-09-14,Serbia,109.538,90.23
2021-09-15,Serbia,109.165,93.863
2021-09-16,Serbia,108.734,96.906
2021-09-17,Serbia,96.859,99.54
2021-09-18,Serbia,75.462,100.057
2021-09-19,Serbia,92.249,100.416
2021-09-20,Serbia,103.852,99.408
2021-09-21,Serbia,103.407,98.533
2021-09-22,Serbia,93.053,96.231
2021-09-23,Serbia,92.795,93.954
2021-09-24,Serbia,88.917,92.819
2021-09-25,Serbia,77.386,93.094
2021-09-26,Serbia,96.729,93.734
2021-09-27,Serbia,121.587,96.268
2021-09-28,Serbia,117.336,98.258
2021-09-29,Serbia,108.404,100.451
2021-09-30,Serbia,104.412,102.11
2021-10-01,Serbia,92.077,102.562
2021-10-02,Serbia,76.597,102.449
2021-10-03,Serbia,85.916,100.904
2021-10-04,Serbia,103.249,98.284
2021-10-05,Serbia,102.674,96.19
2021-10-06,Serbia,100.204,95.018
2021-10-07,Serbia,91.919,93.234
2021-10-08,Serbia,81.235,91.685
2021-10-09,Serbia,68.971,90.596
2021-10-10,Serbia,81.852,90.015
2021-10-11,Serbia,99.515,89.482
2021-10-12,Serbia,96.198,88.556
2021-10-13,Serbia,97.447,88.163
2021-10-14,Serbia,92.249,88.21
2021-10-15,Serbia,86.893,89.018
2021-10-16,Serbia,72.906,89.58
2021-10-17,Serbia,92.78,91.141
2021-10-18,Serbia,110.055,92.647
2021-10-19,Serbia,111.219,94.793
2021-10-20,Serbia,105.216,95.903
2021-10-21,Serbia,110.515,98.512
2021-10-22,Serbia,96.902,99.942
2021-10-23,Serbia,82.326,101.288
2021-10-24,Serbia,84.839,100.153
2021-10-25,Serbia,112.583,100.514
2021-10-26,Serbia,99.774,98.879
2021-10-27,Serbia,96.169,97.587
2021-10-28,Serbia,89.276,94.553
2021-10-29,Serbia,86.175,93.02
2021-10-30,Serbia,70.781,91.371
2021-10-31,Serbia,84.667,91.346
2021-11-01,Serbia,102.114,89.851
2021-11-02,Serbia,96.586,89.395
2021-11-03,Serbia,87.97,88.224
2021-11-04,Serbia,82.211,87.215
2021-11-05,Serbia,68.986,84.759
2021-11-06,Serbia,55.832,82.624
2021-11-07,Serbia,62.437,79.448
2021-11-08,Serbia,73.279,75.329
2021-11-09,Serbia,66.142,70.98
2021-11-10,Serbia,57.411,66.614
2021-11-11,Serbia,54.884,62.71
2021-11-12,Serbia,50.03,60.002
2021-11-13,Serbia,39.878,57.723
2021-11-14,Serbia,50.073,55.957
2021-11-15,Serbia,54.18,53.229
2021-11-16,Serbia,51.696,51.165
2021-11-17,Serbia,46.225,49.567
2021-11-18,Serbia,44.315,48.057
2021-11-19,Serbia,38.025,46.342
2021-11-20,Serbia,29.883,44.914
2021-11-21,Serbia,39.792,43.445
2021-11-22,Serbia,43.554,41.927
2021-11-23,Serbia,37.781,39.939
2021-11-24,Serbia,38.442,38.828
2021-11-25,Serbia,33.588,37.295
2021-11-26,Serbia,31.75,36.399
2021-11-27,Serbia,24.039,35.564
2021-11-28,Serbia,31.305,34.351
2021-11-29,Serbia,32.626,32.79
2021-11-30,Serbia,31.305,31.865
2021-12-01,Serbia,28.433,30.435
2021-12-02,Serbia,25.862,29.331
2021-12-03,Serbia,23.163,28.105
2021-12-04,Serbia,17.864,27.223
2021-12-05,Serbia,22.473,25.961
2021-12-06,Serbia,27.054,25.165
2021-12-07,Serbia,24.053,24.129
2021-12-08,Serbia,23.263,23.39
2021-12-09,Serbia,19.917,22.541
2021-12-10,Serbia,18.797,21.918
2021-12-11,Serbia,13.556,21.302
2021-12-12,Serbia,16.758,20.486
2021-12-13,Serbia,22.215,19.794
2021-12-14,Serbia,19.515,19.146
2021-12-15,Serbia,19.027,18.541
2021-12-16,Serbia,17.218,18.155
2021-12-17,Serbia,14.575,17.552
2021-12-18,Serbia,11.517,17.261
2021-12-19,Serbia,14.776,16.978
2021-12-20,Serbia,18.194,16.403
2021-12-21,Serbia,18.209,16.217
2021-12-22,Serbia,16.902,15.913
2021-12-23,Serbia,17.132,15.901
2021-12-24,Serbia,15.767,16.071
2021-12-25,Serbia,14.015,16.428
2021-12-26,Serbia,17.936,16.879
2021-12-27,Serbia,24.067,17.718
2021-12-28,Serbia,25.906,18.818
2021-12-29,Serbia,27.988,20.402
2021-12-30,Serbia,31.477,22.451
2021-12-31,Serbia,23.12,23.501
2022-01-01,Serbia,27.385,25.411
2022-01-02,Serbia,39.706,28.521
2022-01-03,Serbia,75.017,35.8
2022-01-04,Serbia,107.528,47.46
2022-01-05,Serbia,130.992,62.175
2022-01-06,Serbia,108.26,73.144
2022-01-07,Serbia,109.883,85.539
2022-01-08,Serbia,114.148,97.933
2022-01-09,Serbia,128.508,110.62
2022-01-10,Serbia,196.632,127.993
2022-01-11,Serbia,184.914,139.048
2022-01-12,Serbia,197.494,148.549
2022-01-13,Serbia,182.674,159.179
2022-01-14,Serbia,180.348,169.245
2022-01-15,Serbia,161.522,176.013
2022-01-16,Serbia,183.766,183.907
2022-01-17,Serbia,258.567,192.755
2022-01-18,Serbia,248.687,201.865
2022-01-19,Serbia,245.629,208.742
2022-01-20,Serbia,235.548,216.295
2022-01-21,Serbia,211.337,220.722
2022-01-22,Serbia,174.604,222.591
2022-01-23,Serbia,216.061,227.205
2022-01-24,Serbia,285.779,231.092
2022-01-25,Serbia,273.746,234.672
2022-01-26,Serbia,253.8,235.839
2022-01-27,Serbia,248.199,237.647
2022-01-28,Serbia,221.504,239.099
2022-01-29,Serbia,188.878,241.138
2022-01-30,Serbia,220.455,241.766
2022-01-31,Serbia,275.914,240.356
2022-02-01,Serbia,256.341,237.87
2022-02-02,Serbia,224.347,233.663
2022-02-03,Serbia,208.494,227.99
2022-02-04,Serbia,182.89,222.474
2022-02-05,Serbia,152.245,217.241
2022-02-06,Serbia,164.265,209.214
2022-02-07,Serbia,197.767,198.05
2022-02-08,Serbia,179.96,187.138
2022-02-09,Serbia,159.698,177.903
2022-02-10,Serbia,137.569,167.771
2022-02-11,Serbia,117.566,158.439
2022-02-12,Serbia,86.677,149.072
2022-02-13,Serbia,100.951,140.027
2022-02-14,Serbia,102.445,126.409
2022-02-15,Serbia,89.592,113.5
2022-02-16,Serbia,92.235,103.862
2022-02-17,Serbia,90.44,97.129
2022-02-18,Serbia,73.279,90.803
2022-02-19,Serbia,55.66,86.372
2022-02-20,Serbia,64.376,81.147
2022-02-21,Serbia,65.927,75.93
2022-02-22,Serbia,63.012,72.133
2022-02-23,Serbia,53.391,66.583
2022-02-24,Serbia,45.967,60.23
2022-02-25,Serbia,38.025,55.194
2022-02-26,Serbia,30.587,51.612
2022-02-27,Serbia,38.815,47.961
2022-02-28,Serbia,41.443,44.463
2022-03-01,Serbia,40.869,41.3
2022-03-02,Serbia,37.623,39.047
2022-03-03,Serbia,35.958,37.617
2022-03-04,Serbia,30.817,36.587
2022-03-05,Serbia,23.565,35.584
2022-03-06,Serbia,32.037,34.616
2022-03-07,Serbia,37.164,34.005
2022-03-08,Serbia,34.134,33.042
2022-03-09,Serbia,30.716,32.056
2022-03-10,Serbia,32.023,31.494
2022-03-11,Serbia,28.246,31.126
2022-03-12,Serbia,19.616,30.562
2022-03-13,Serbia,31.75,30.521
2022-03-14,Serbia,34.68,30.166
2022-03-15,Serbia,35.168,30.314
2022-03-16,Serbia,33.918,30.772
2022-03-17,Serbia,29.811,30.456
2022-03-18,Serbia,26.825,30.253
2022-03-19,Serbia,19.86,30.287
2022-03-20,Serbia,31.161,30.203
2022-03-21,Serbia,32.296,29.863
2022-03-22,Serbia,33.229,29.586
2022-03-23,Serbia,30.386,29.081
2022-03-24,Serbia,27.988,28.821
2022-03-25,Serbia,24.312,28.462
2022-03-26,Serbia,18.28,28.236
2022-03-27,Serbia,25.604,27.442
2022-03-28,Serbia,27.758,26.794
2022-03-29,Serbia,27.169,25.928
2022-03-30,Serbia,27.499,25.516
2022-03-31,Serbia,23.852,24.925
2022-04-01,Serbia,21.554,24.531
2022-04-02,Serbia,14.26,23.957
2022-04-03,Serbia,21.124,23.317
2022-04-04,Serbia,22.129,22.512
2022-04-05,Serbia,19.4,21.403
2022-04-06,Serbia,19.444,20.252
2022-04-07,Serbia,18.912,19.546
2022-04-08,Serbia,13.786,18.436
2022-04-09,Serbia,10.038,17.833
2022-04-10,Serbia,15.739,17.064
2022-04-11,Serbia,15.925,16.178
2022-04-12,Serbia,15.179,15.575
2022-04-13,Serbia,14.13,14.815
2022-04-14,Serbia,13.814,14.087
2022-04-15,Serbia,10.454,13.611
2022-04-16,Serbia,9.119,13.48
2022-04-17,Serbia,12.666,13.041
2022-04-18,Serbia,14.173,12.791
2022-04-19,Serbia,13.226,12.512
2022-04-20,Serbia,14.03,12.497
2022-04-21,Serbia,10.957,12.089
2022-04-22,Serbia,9.018,11.884
2022-04-23,Serbia,7.324,11.628
2022-04-24,Serbia,10.038,11.252
2022-04-25,Serbia,14.087,11.24
2022-04-26,Serbia,13.226,11.24
2022-04-27,Serbia,11.732,10.912
2022-04-28,Serbia,10.914,10.905
2022-04-29,Serbia,7.482,10.686
2022-04-30,Serbia,4.911,10.341
2022-05-01,Serbia,5.687,9.72
2022-05-02,Serbia,6.649,8.657
2022-05-03,Serbia,8.458,7.976
2022-05-04,Serbia,8.573,7.525
2022-05-05,Serbia,7.309,7.01
2022-05-06,Serbia,6.146,6.819
2022-05-07,Serbia,4.337,6.737
2022-05-08,Serbia,7.41,6.983
2022-05-09,Serbia,6.692,6.989
2022-05-10,Serbia,6.29,6.679
2022-05-11,Serbia,6.117,6.329
2022-05-12,Serbia,6.39,6.197
2022-05-13,Serbia,4.696,5.99
2022-05-14,Serbia,3.432,5.861
2022-05-15,Serbia,5.801,5.631
2022-05-16,Serbia,5.486,5.459
2022-05-17,Serbia,5.184,5.301
2022-05-18,Serbia,4.796,5.112
2022-05-19,Serbia,4.825,4.889
2022-05-20,Serbia,3.547,4.724
2022-05-21,Serbia,2.671,4.616
2022-05-22,Serbia,4.251,4.394
2022-05-23,Serbia,4.724,4.285
2022-05-24,Serbia,4.179,4.142
2022-05-25,Serbia,3.791,3.998
2022-05-26,Serbia,4.452,3.945
2022-05-27,Serbia,3.116,3.883
2022-05-28,Serbia,1.838,3.764
2022-05-29,Serbia,3.848,3.707
2022-05-30,Serbia,3.805,3.576
2022-05-31,Serbia,3.576,3.489
2022-06-01,Serbia,3.475,3.444
2022-06-02,Serbia,3.892,3.364
2022-06-03,Serbia,3.174,3.373
2022-06-04,Serbia,2.47,3.463
2022-06-05,Serbia,4.035,3.489
2022-06-06,Serbia,4.035,3.522
2022-06-07,Serbia,3.705,3.541
2022-06-08,Serbia,3.978,3.613
2022-06-09,Serbia,3.906,3.615
2022-06-10,Serbia,2.8,3.561
2022-06-11,Serbia,2.369,3.547
2022-06-12,Serbia,3.705,3.5
2022-06-13,Serbia,5.112,3.654
2022-06-14,Serbia,4.48,3.764
2022-06-15,Serbia,4.839,3.887
2022-06-16,Serbia,4.667,3.996
2022-06-17,Serbia,4.696,4.267
2022-06-18,Serbia,3.461,4.423
2022-06-19,Serbia,5.859,4.731
2022-06-20,Serbia,7.281,5.04
2022-06-21,Serbia,6.893,5.385
2022-06-22,Serbia,8.128,5.855
2022-06-23,Serbia,8.429,6.392
2022-06-24,Serbia,7.683,6.819
2022-06-25,Serbia,6.721,7.285
2022-06-26,Serbia,10.784,7.988
2022-06-27,Serbia,11.632,8.61
2022-06-28,Serbia,12.579,9.422
2022-06-29,Serbia,13.226,10.151
2022-06-30,Serbia,13.786,10.916
2022-07-01,Serbia,11.603,11.476
2022-07-02,Serbia,10.756,12.052
2022-07-03,Serbia,18.094,13.096
2022-07-04,Serbia,19.587,14.233
2022-07-05,Serbia,19.156,15.172
2022-07-06,Serbia,21.095,16.297
2022-07-07,Serbia,22.962,17.607
2022-07-08,Serbia,18.395,18.578
2022-07-09,Serbia,13.613,18.986
2022-07-10,Serbia,26.939,20.25
2022-07-11,Serbia,29.438,21.657
2022-07-12,Serbia,29.711,23.165
2022-07-13,Serbia,31.851,24.701
2022-07-14,Serbia,39.174,27.017
2022-07-15,Serbia,36.187,29.559
2022-07-16,Serbia,29.51,31.83
2022-07-17,Serbia,47.259,34.733
2022-07-18,Serbia,56.177,38.553
2022-07-19,Serbia,56.665,42.403
2022-07-20,Serbia,61.016,46.57
2022-07-21,Serbia,64.62,50.205
2022-07-22,Serbia,54.568,52.831
2022-07-23,Serbia,49.858,55.738
2022-07-24,Serbia,73.308,59.459
2022-07-25,Serbia,87.596,63.947
2022-07-26,Serbia,87.625,68.37
2022-07-27,Serbia,85.902,71.925
2022-07-28,Serbia,85.457,74.902
2022-07-29,Serbia,80.014,78.537
2022-07-30,Serbia,62.495,80.342
2022-07-31,Serbia,86.031,82.16
2022-08-01,Serbia,99.601,83.875
2022-08-02,Serbia,88.975,84.068
2022-08-03,Serbia,92.866,85.063
2022-08-04,Serbia,91.301,85.898
2022-08-05,Serbia,75.821,85.299
2022-08-06,Serbia,60.054,84.95
2022-08-07,Serbia,93.312,85.99
2022-08-08,Serbia,104.326,86.665
2022-08-09,Serbia,101.396,88.439
2022-08-10,Serbia,90.511,88.103
2022-08-11,Serbia,89.348,87.824
2022-08-12,Serbia,75.462,87.773
2022-08-13,Serbia,54.094,86.921
2022-08-14,Serbia,84.667,85.686
2022-08-15,Serbia,94.618,84.3
2022-08-16,Serbia,87.467,82.31
2022-08-17,Serbia,82.039,81.099
2022-08-18,Serbia,74.758,79.015
2022-08-19,Serbia,61.045,76.956
2022-08-20,Serbia,45.292,75.698
2022-08-21,Serbia,65.798,73.002
2022-08-22,Serbia,71.714,69.73
2022-08-23,Serbia,62.854,66.214
2022-08-24,Serbia,60.887,63.192
2022-08-25,Serbia,57.799,60.77
2022-08-26,Serbia,50.217,59.223
2022-08-27,Serbia,37.035,58.043
2022-08-28,Serbia,52.773,56.183
2022-08-29,Serbia,54.712,53.754
2022-08-30,Serbia,53.276,52.385
2022-08-31,Serbia,47.618,50.49
2022-09-01,Serbia,43.152,48.397
2022-09-02,Serbia,38.112,46.668
2022-09-03,Serbia,26.365,45.144
2022-09-04,Serbia,46.254,44.213
2022-09-05,Serbia,49.7,43.497
2022-09-06,Serbia,48.121,42.76
2022-09-07,Serbia,46.9,42.658
2022-09-08,Serbia,47.331,43.255
2022-09-09,Serbia,39.418,43.441
2022-09-10,Serbia,31.449,44.167
2022-09-11,Serbia,45.105,44.003
2022-09-12,Serbia,45.55,43.41
2022-09-13,Serbia,41.213,42.424
